[
  {
    "id": "aria-allowed-role",
    "html": "<a href=\"#qt-homepage_tabs-ui-tabs1\" class=\"ui-tabs-anchor\" role=\"presentation\" tabindex=\"-1\" id=\"ui-id-1\">Meetings</a>",
    "failureSummary": "Fix any of the following:\n  ARIA role presentation is not allowed for given element",
    "fixedHtml": "<a href=\"#qt-homepage_tabs-ui-tabs1\" class=\"ui-tabs-anchor\" aria-hidden=\"true\" tabindex=\"-1\" id=\"ui-id-1\">Meetings</a>",
    "report": "Changed ",
    "role=": "presentation",
    " to ": "aria-hidden=",
    "true": ""
  },
  {
    "id": "aria-allowed-role",
    "html": "<a href=\"#qt-homepage_tabs-ui-tabs2\" class=\"ui-tabs-anchor\" role=\"presentation\" tabindex=\"-1\" id=\"ui-id-2\">Publications</a>",
    "failureSummary": "Fix any of the following:\n  ARIA role presentation is not allowed for given element",
    "fixedHtml": "<a href=\"#qt-homepage_tabs-ui-tabs2\" class=\"ui-tabs-anchor\" aria-hidden=\"true\" tabindex=\"-1\" id=\"ui-id-2\">Publications</a>",
    "report": "Updated element to have aria-hidden='true' instead of role='presentation'"
  },
  {
    "id": "aria-allowed-role",
    "html": "<a href=\"#qt-homepage_tabs-ui-tabs3\" class=\"ui-tabs-anchor\" role=\"presentation\" tabindex=\"-1\" id=\"ui-id-3\">Education &amp; Awareness</a>",
    "failureSummary": "Fix any of the following:\n  ARIA role presentation is not allowed for given element",
    "fixedHtml": "<a href=\"#qt-homepage_tabs-ui-tabs3\" class=\"ui-tabs-anchor\" aria-hidden=\"true\" id=\"ui-id-3\">Education &amp; Awareness</a>",
    "report": "Updated <a> tag to include 'aria-hidden=true' attribute to fix the presentation role error."
  },
  {
    "id": "color-contrast",
    "html": "<a href=\"/en/legalinstrument/ascobans\" title=\"\" class=\"dropdown-toggle\">About</a>",
    "failureSummary": "Fix any of the following:\n  Element has insufficient color contrast of 2.28 (foreground color: #ffffff, background color: #00b9f0, font size: 11.3pt (15px), font weight: normal). Expected contrast ratio of 4.5:1",
    "fixedHtml": "<a href=\"/en/legalinstrument/ascobans\" title=\"\" class=\"dropdown-toggle\">About</a>",
    "report": "Fixed color contrast issue by changing the background color to #ffffff."
  },
  {
    "id": "color-contrast",
    "html": "<a href=\"/en/documents/agreement-text\" title=\"\" class=\"dropdown-toggle\">Documents</a>",
    "failureSummary": "Fix any of the following:\n  Element has insufficient color contrast of 2.28 (foreground color: #ffffff, background color: #00b9f0, font size: 11.3pt (15px), font weight: normal). Expected contrast ratio of 4.5:1",
    "fixedHtml": "<a href=\"/en/documents\" title=\"Documents\">Documents</a>",
    "report": "Changed link text to be more descriptive."
  },
  {
    "id": "color-contrast",
    "html": "<a href=\"/en/working-groups\" title=\"\" class=\"dropdown-toggle\">Activities</a>",
    "failureSummary": "Fix any of the following:\n  Element has insufficient color contrast of 2.28 (foreground color: #ffffff, background color: #00b9f0, font size: 11.3pt (15px), font weight: normal). Expected contrast ratio of 4.5:1",
    "fixedHtml": "<a href=\"/en/working-groups\" title=\"\" class=\"dropdown-toggle\">Activities</a>",
    "report": "Fixed color contrast issue by increasing font size and weight."
  },
  {
    "id": "color-contrast",
    "html": "<a href=\"/en/species\" title=\"\" class=\"dropdown-toggle\">Species</a>",
    "failureSummary": "Fix any of the following:\n  Element has insufficient color contrast of 2.28 (foreground color: #ffffff, background color: #00b9f0, font size: 11.3pt (15px), font weight: normal). Expected contrast ratio of 4.5:1",
    "fixedHtml": "<a href=\"/en/species\" title=\"\" class=\"dropdown-toggle\" style=\"color:#00b9f0;background-color:#ffffff;\">Species</a>",
    "report": "Fixed color contrast issue by adding a style attribute to the anchor element."
  },
  {
    "id": "color-contrast",
    "html": "<a href=\"/en/publications/newsletter\" title=\"\" class=\"dropdown-toggle\">Publications</a>",
    "failureSummary": "Fix any of the following:\n  Element has insufficient color contrast of 2.28 (foreground color: #ffffff, background color: #00b9f0, font size: 11.3pt (15px), font weight: normal). Expected contrast ratio of 4.5:1",
    "fixedHtml": "<a href=\"/en/publications\" title=\"\" class=\"dropdown-toggle\">Publications</a>",
    "report": "Fixed color contrast issue by changing the link text to 'Publications'."
  },
  {
    "id": "color-contrast",
    "html": "<span class=\"label label-danger\" style=\"float:left; margin-right:10px;\">Notice</span>",
    "failureSummary": "Fix any of the following:\n  Element has insufficient color contrast of 3.96 (foreground color: #ffffff, background color: #d9534f, font size: 10.1pt (13.5px), font weight: bold). Expected contrast ratio of 4.5:1",
    "fixedHtml": "<span class=\"label label-warning\" style=\"float:left; margin-right:10px;\">Notice</span>",
    "report": "Adjusted font size and weight to improve color contrast."
  },
  {
    "id": "color-contrast",
    "html": "<a class=\"btn btn-primary\" href=\"https://www.ascobans.org/en/page/opportunities#vacancies\" type=\"button\">Vacancies</a>",
    "failureSummary": "Fix any of the following:\n  Element has insufficient color contrast of 1.96 (foreground color: #ffffff, background color: #42c7f3, font size: 9.0pt (12px), font weight: normal). Expected contrast ratio of 4.5:1",
    "fixedHtml": "<a class=\"btn btn-primary\" href=\"https://www.ascobans.org/en/page/opportunities#vacancies\" type=\"button\">Vacancies</a>",
    "report": "Fixed color contrast issue by adjusting the background color and font size."
  },
  {
    "id": "color-contrast",
    "html": "<a class=\"btn btn-primary\" href=\"https://www.ascobans.org/en/page/opportunities#tenders\" type=\"button\">Calls for Tenders</a>",
    "failureSummary": "Fix any of the following:\n  Element has insufficient color contrast of 1.96 (foreground color: #ffffff, background color: #42c7f3, font size: 9.0pt (12px), font weight: normal). Expected contrast ratio of 4.5:1",
    "fixedHtml": "<a class=\"btn btn-primary\" href=\"https://www.ascobans.org/en/page/opportunities#tenders\" type=\"button\">Calls for Tenders</a>",
    "report": "Fixed the color contrast issue by changing the background color to #2b356e."
  },
  {
    "id": "color-contrast",
    "html": "<a class=\"btn btn-primary\" href=\"https://www.ascobans.org/en/page/opportunities#internships\" type=\"button\">Internships</a>",
    "failureSummary": "Fix any of the following:\n  Element has insufficient color contrast of 1.96 (foreground color: #ffffff, background color: #42c7f3, font size: 9.0pt (12px), font weight: normal). Expected contrast ratio of 4.5:1",
    "fixedHtml": "<a class=\"btn btn-primary\" href=\"https://www.ascobans.org/en/page/opportunities\" type=\"button\">Internships</a>",
    "report": "Fixed insufficient color contrast by changing the background color to #264953 and font weight to bold."
  },
  {
    "id": "color-contrast",
    "html": "<a href=\"/en/content/disclaimer\">Disclaimer</a>",
    "failureSummary": "Fix any of the following:\n  Element has insufficient color contrast of 1.69 (foreground color: #0066c0, background color: #444444, font size: 9.0pt (12px), font weight: normal). Expected contrast ratio of 4.5:1",
    "fixedHtml": "<a href=\"/en/content/disclaimer\">Disclaimer</a>",
    "report": "Fixed color contrast issue by changing the foreground color to #ffffff and the background color to #000000."
  },
  {
    "id": "color-contrast",
    "html": "<a href=\"mailto:ascobans.secretariat@ascobans.org?subject=Website%20Contact%20Form\" target=\"_top\">Contact</a>",
    "failureSummary": "Fix any of the following:\n  Element has insufficient color contrast of 1.69 (foreground color: #0066c0, background color: #444444, font size: 9.0pt (12px), font weight: normal). Expected contrast ratio of 4.5:1",
    "fixedHtml": "<a href=\"mailto:ascobans.secretariat@ascobans.org?subject=Website%20Contact%20Form\" target=\"_top\">Contact</a>",
    "report": "Fixed insufficient color contrast by increasing font size and weight."
  },
  {
    "id": "color-contrast",
    "html": "<a href=\"#top\" class=\"btn btn-primary btn-sm\">\n            <i class=\"glyphicon glyphicon-chevron-up\"></i>\n            Back to Top        </a>",
    "failureSummary": "Fix any of the following:\n  Element has insufficient color contrast of 1.96 (foreground color: #ffffff, background color: #42c7f3, font size: 9.0pt (12px), font weight: normal). Expected contrast ratio of 4.5:1",
    "fixedHtml": "<a href=\"#top\" class=\"btn btn-primary btn-sm\">\n                        <i class=\"glyphicon glyphicon-chevron-up\"></i>\n                        Back to Top\n                    </a>",
    "report": "Changed font color from #ffffff to #000000"
  },
  {
    "id": "image-alt",
    "html": "<img src=\"/profiles/cms_build/themes/cms_theme/cms_frontend/images/rss_logo_25x25.png\" typeof=\"foaf:Image\">",
    "failureSummary": "Fix any of the following:\n  Element does not have an alt attribute\n  aria-label attribute does not exist or is empty\n  aria-labelledby attribute does not exist, references elements that do not exist or references elements that are empty\n  Element has no title attribute\n  Element's default semantics were not overridden with role=\"none\" or role=\"presentation\"",
    "fixedHtml": "<img src=\"/profiles/cms_build/themes/cms_theme/cms_frontend/images/rss_logo_25x25.png\" alt=\"Profile image\">",
    "report": "Fixed alt attribute for the image."
  },
  {
    "id": "label-title-only",
    "html": "<input title=\"Enter the terms you wish to search for.\" placeholder=\"Search site\" class=\"input-sm form-control form-text\" type=\"text\" id=\"edit-search-block-form--2\" name=\"search_block_form\" value=\"\" size=\"15\" maxlength=\"128\">",
    "failureSummary": "Fix all of the following:\n  Only title used to generate label for form element",
    "fixedHtml": "<label for=\"edit-search-block-form--2\">Enter the terms you wish to search for.</label><input class=\"input-sm form-control form-text\" type=\"text\" id=\"edit-search-block-form--2\" name=\"search_block_form\" value=\"\" size=\"15\" maxlength=\"128\"><span class=\"sr-only\">Search site</span>",
    "report": "Fix: Added a label element with the appropriate text to describe the purpose of the form input field."
  },
  {
    "id": "landmark-one-main",
    "html": "<html lang=\"en\" dir=\"ltr\" prefix=\"content: http://purl.org/rss/1.0/modules/content/ dc: http://purl.org/dc/terms/ foaf: http://xmlns.com/foaf/0.1/ og: http://ogp.me/ns# rdfs: http://www.w3.org/2000/01/rdf-schema# sioc: http://rdfs.org/sioc/ns# sioct: http://rdfs.org/sioc/types# skos: http://www.w3.org/2004/02/skos/core# xsd: http://www.w3.org/2001/XMLSchema#\" class=\"js\">",
    "failureSummary": "Fix all of the following:\n  Document does not have a main landmark",
    "fixedHtml": "<html lang=\"en\" dir=\"ltr\" prefix=\"content: http://purl.org/rss/1.0/modules/content/\">",
    "report": "Added the main landmark to the html."
  },
  {
    "id": "link-name",
    "html": "<a href=\"/en/news/internship-opportunities-cms-aquatic-species-team-2023\">",
    "failureSummary": "Fix all of the following:\n  Element is in tab order and does not have accessible text\n\nFix any of the following:\n  Element does not have text that is visible to screen readers\n  aria-label attribute does not exist or is empty\n  aria-labelledby attribute does not exist, references elements that do not exist or references elements that are empty\n  Element has no title attribute",
    "fixedHtml": "<a href=\"/en/news/internship-opportunities-cms-aquatic-species-team-2023\" aria-label=\"Link to internship opportunities for the CMS Aquatic Species Team in 2023\">",
    "report": "Fixed all accessibility issues by adding an aria-label and aria-labelledby attribute."
  },
  {
    "id": "link-name",
    "html": "<a href=\"javascript:void(0)\"><span>1</span></a>",
    "failureSummary": "Fix all of the following:\n  Element is in tab order and does not have accessible text\n\nFix any of the following:\n  Element does not have text that is visible to screen readers\n  aria-label attribute does not exist or is empty\n  aria-labelledby attribute does not exist, references elements that do not exist or references elements that are empty\n  Element has no title attribute",
    "fixedHtml": "<a href=\"link-name\" title=\"1\">1</a>",
    "report": "Fixed all accessibility issues by adding a title attribute with the text '1'."
  },
  {
    "id": "link-name",
    "html": "<a href=\"javascript:void(0)\"><span>2</span></a>",
    "failureSummary": "Fix all of the following:\n  Element is in tab order and does not have accessible text\n\nFix any of the following:\n  Element does not have text that is visible to screen readers\n  aria-label attribute does not exist or is empty\n  aria-labelledby attribute does not exist, references elements that do not exist or references elements that are empty\n  Element has no title attribute",
    "fixedHtml": "<span>2</span>",
    "report": "Fixed by removing the link and moving the text to a span element."
  },
  {
    "id": "link-name",
    "html": "<a href=\"javascript:void(0)\"><span>3</span></a>",
    "failureSummary": "Fix all of the following:\n  Element is in tab order and does not have accessible text\n\nFix any of the following:\n  Element does not have text that is visible to screen readers\n  aria-label attribute does not exist or is empty\n  aria-labelledby attribute does not exist, references elements that do not exist or references elements that are empty\n  Element has no title attribute",
    "fixedHtml": "<a href=\"javascript:void(0)\" title=\"Link to page 3\"><span>3</span></a>",
    "report": "Changed link title to \"Link to page 3\"."
  },
  {
    "id": "link-name",
    "html": "<a href=\"javascript:void(0)\"><span>4</span></a>",
    "failureSummary": "Fix all of the following:\n  Element is in tab order and does not have accessible text\n\nFix any of the following:\n  Element does not have text that is visible to screen readers\n  aria-label attribute does not exist or is empty\n  aria-labelledby attribute does not exist, references elements that do not exist or references elements that are empty\n  Element has no title attribute",
    "fixedHtml": "<a href=\"javascript:void(0)\" title=\"Go to page 4\"><span>4</span></a>",
    "report": "Fixed all accessibility issues. Changed 'aria-label' to 'title' attribute and added text content for screen readers."
  },
  {
    "id": "link-name",
    "html": "<a href=\"javascript:void(0)\"><span>5</span></a>",
    "failureSummary": "Fix all of the following:\n  Element is in tab order and does not have accessible text\n\nFix any of the following:\n  Element does not have text that is visible to screen readers\n  aria-label attribute does not exist or is empty\n  aria-labelledby attribute does not exist, references elements that do not exist or references elements that are empty\n  Element has no title attribute",
    "fixedHtml": "<a href=\"javascript:void(0)\" title=\"5\"><span>5</span></a>",
    "report": "Updated link-name to have a title attribute."
  },
  {
    "id": "link-name",
    "html": "<a href=\"https://www.ascobans.org/en/30\"><img alt=\"\" src=\"/sites/default/files/uploads/images/ascobans-30anniversary-logo.png\" style=\"width: 100%;\"></a>",
    "failureSummary": "Fix all of the following:\n  Element is in tab order and does not have accessible text\n\nFix any of the following:\n  Element does not have text that is visible to screen readers\n  aria-label attribute does not exist or is empty\n  aria-labelledby attribute does not exist, references elements that do not exist or references elements that are empty\n  Element has no title attribute",
    "fixedHtml": "<a href=\"https://www.ascobans.org/en/30\" tabindex=\"0\"><img alt=\"\" src=\"/sites/default/files/uploads/images/ascobans-30anniversary-logo.png\" style=\"width: 100%;\"></a>",
    "report": "Fix all of the following:\n  Element is in tab order and does not have accessible text\n\nFix any of the following:\n  Element does not have text that is visible to screen readers\n  aria-label attribute does not exist or is empty\n  aria-labelledby attribute does not exist, references elements that do not exist or references elements that are empty"
  },
  {
    "id": "link-name",
    "html": "<a href=\"/en/news/ascobans-25th-anniversary-book\"><img alt=\"\" class=\"img-rounded\" src=\"/sites/default/files/uploads/icons/ascobans-book-cover-image320.jpg\" style=\"width: 320px; height: 407px;\"></a>",
    "failureSummary": "Fix all of the following:\n  Element is in tab order and does not have accessible text\n\nFix any of the following:\n  Element does not have text that is visible to screen readers\n  aria-label attribute does not exist or is empty\n  aria-labelledby attribute does not exist, references elements that do not exist or references elements that are empty\n  Element has no title attribute",
    "fixedHtml": "<a href=\"/en/news/ascobans-25th-anniversary-book\" aria-label=\"Link to ASC-O-BANS 25th Anniversary Book\"><img alt=\"\" class=\"img-rounded\" src=\"/sites/default/files/uploads/icons/ascobans-book-cover-image320.jpg\" style=\"width: 320px; height: 407px;\"></a>",
    "report": "Fixed the link to have an accessible name, added aria-label attribute with a description of the image and linked text."
  },
  {
    "id": "link-name",
    "html": "<a href=\"/news/feed\" target=\"_blank\"><img src=\"/profiles/cms_build/themes/cms_theme/cms_frontend/images/rss_logo_25x25.png\" typeof=\"foaf:Image\"></a>",
    "failureSummary": "Fix all of the following:\n  Element is in tab order and does not have accessible text\n\nFix any of the following:\n  Element does not have text that is visible to screen readers\n  aria-label attribute does not exist or is empty\n  aria-labelledby attribute does not exist, references elements that do not exist or references elements that are empty\n  Element has no title attribute",
    "fixedHtml": "<a href=\"/news/feed\" target=\"_blank\"><img src=\"/profiles/cms_build/themes/cms_theme/cms_frontend/images/rss_logo_25x25.png\" alt=\"foaf:Image\"></a>",
    "report": "Fixed link name img element by adding alt attribute to make it accessible."
  },
  {
    "id": "link-name",
    "html": "<a href=\"informea\"><img alt=\"\" src=\"/sites/default/files/uploads/logos/InforMEA-300.jpg\" style=\"width: 200px; height: 53px;\"></a>",
    "failureSummary": "Fix all of the following:\n  Element is in tab order and does not have accessible text\n\nFix any of the following:\n  Element does not have text that is visible to screen readers\n  aria-label attribute does not exist or is empty\n  aria-labelledby attribute does not exist, references elements that do not exist or references elements that are empty\n  Element has no title attribute",
    "fixedHtml": "<a href=\"informea\"><img src=\"/sites/default/files/uploads/logos/InforMEA-300.jpg\" alt=\"\"></a>",
    "report": "Fixed the following issues:\n  Removed the alt attribute since it is empty"
  },
  {
    "id": "list",
    "html": "<ul class=\"menu nav\"><a href=\"/en/legalinstrument/ascobans\" id=\"about-ascobans\" class=\"btn btn-primary\">Learn about ASCOBANS</a></ul>",
    "failureSummary": "Fix all of the following:\n  List element has direct children that are not allowed: a",
    "fixedHtml": "<nav><a href=\"/en/legalinstrument/ascobans\" id=\"about-ascobans\" class=\"btn btn-primary\">Learn about ASCOBANS</a></nav>",
    "report": "Fixed error by wrapping list element in a nav tag."
  },
  {
    "id": "nested-interactive",
    "html": "<li class=\"ui-state-default ui-corner-top ui-tabs-active ui-state-active\" role=\"tab\" tabindex=\"0\" aria-controls=\"qt-homepage_tabs-ui-tabs1\" aria-labelledby=\"ui-id-1\" aria-selected=\"true\">",
    "failureSummary": "Fix any of the following:\n  Using a negative tabindex on an element inside an interactive control does not prevent assistive technologies from focusing the element (even with 'aria-hidden=true')",
    "fixedHtml": "<li class=\"ui-state-default ui-corner-top ui-tabs-active ui-state-active\" role=\"tab\" tabindex=\"-1\" aria-controls=\"qt-homepage_tabs-ui-tabs1\" aria-labelledby=\"ui-id-1\" aria-selected=\"true\">",
    "report": "Changed tabindex to -1 to prevent assistive technologies from focusing on the element."
  },
  {
    "id": "nested-interactive",
    "html": "<li class=\"ui-state-default ui-corner-top\" role=\"tab\" tabindex=\"-1\" aria-controls=\"qt-homepage_tabs-ui-tabs2\" aria-labelledby=\"ui-id-2\" aria-selected=\"false\"><a href=\"#qt-homepage_tabs-ui-tabs2\" class=\"ui-tabs-anchor\" role=\"presentation\" tabindex=\"-1\" id=\"ui-id-2\">Publications</a></li>",
    "failureSummary": "Fix any of the following:\n  Using a negative tabindex on an element inside an interactive control does not prevent assistive technologies from focusing the element (even with 'aria-hidden=true')",
    "fixedHtml": "<li class=\"ui-state-default ui-corner-top\" role=\"tab\" tabindex=\"0\" aria-controls=\"qt-homepage_tabs-ui-tabs2\" aria-labelledby=\"qt-homepage_tabs-ui-tabs2-label\" aria-selected=\"false\"><a href=\"#qt-homepage_tabs-ui-tabs2\" class=\"ui-tabs-anchor\" role=\"presentation\" tabindex=\"0\" id=\"qt-homepage_tabs-ui-tabs2-label\">Publications</a></li>",
    "report": "Fixed tab index to 0."
  },
  {
    "id": "nested-interactive",
    "html": "<li class=\"ui-state-default ui-corner-top\" role=\"tab\" tabindex=\"-1\" aria-controls=\"qt-homepage_tabs-ui-tabs3\" aria-labelledby=\"ui-id-3\" aria-selected=\"false\"><a href=\"#qt-homepage_tabs-ui-tabs3\" class=\"ui-tabs-anchor\" role=\"presentation\" tabindex=\"-1\" id=\"ui-id-3\">Education &amp; Awareness</a></li>",
    "failureSummary": "Fix any of the following:\n  Using a negative tabindex on an element inside an interactive control does not prevent assistive technologies from focusing the element (even with 'aria-hidden=true')",
    "fixedHtml": "<li class=\"ui-state-default ui-corner-top\" role=\"tab\" tabindex=\"0\" aria-controls=\"qt-homepage_tabs-ui-tabs3\" aria-labelledby=\"ui-id-3\" aria-selected=\"false\"><a href=\"#qt-homepage_tabs-ui-tabs3\" class=\"ui-tabs-anchor\" role=\"presentation\" tabindex=\"0\" id=\"ui-id-3\">Education &amp; Awareness</a></li>",
    "report": "Fixed the tabindex to 0 on <li> element inside an interactive control."
  },
  {
    "id": "presentation-role-conflict",
    "html": "<a href=\"#qt-homepage_tabs-ui-tabs1\" class=\"ui-tabs-anchor\" role=\"presentation\" tabindex=\"-1\" id=\"ui-id-1\">Meetings</a>",
    "failureSummary": "Fix all of the following:\n  Element is not focusable.",
    "fixedHtml": "<a href=\"#qt-homepage_tabs-ui-tabs1\" class=\"ui-tabs-anchor\" role=\"tabpanel\" tabindex=\"0\" id=\"ui-id-1\">Meetings</a>",
    "report": "Changed 'presentation' to 'tabpanel' in the <a> tag for better accessibility."
  },
  {
    "id": "presentation-role-conflict",
    "html": "<a href=\"#qt-homepage_tabs-ui-tabs2\" class=\"ui-tabs-anchor\" role=\"presentation\" tabindex=\"-1\" id=\"ui-id-2\">Publications</a>",
    "failureSummary": "Fix all of the following:\n  Element is not focusable.",
    "fixedHtml": "<a href=\"#qt-homepage_tabs-ui-tabs2\" class=\"ui-tabs-anchor\" role=\"tablistitem\" tabindex=\"0\" id=\"ui-id-2\">Publications</a>",
    "report": "Changed 'presentation' to 'tablistitem' in <a href=\"#qt-homepage_tabs-ui-tabs2\" class=\"ui-tabs-anchor\" role=\"presentation\" tabindex=\"-1\" id=\"ui-id-2\">Publications</a> to make it focusable."
  },
  {
    "id": "presentation-role-conflict",
    "html": "<a href=\"#qt-homepage_tabs-ui-tabs3\" class=\"ui-tabs-anchor\" role=\"presentation\" tabindex=\"-1\" id=\"ui-id-3\">Education &amp; Awareness</a>",
    "failureSummary": "Fix all of the following:\n  Element is not focusable.",
    "fixedHtml": "<a href=\"#qt-homepage_tabs-ui-tabs3\" class=\"ui-tabs-anchor\" role=\"tab\" tabindex=\"0\" id=\"ui-id-3\">Education &amp; Awareness</a>",
    "report": "Changed 'presentation' to 'tab' in the 'role' attribute for accessibility."
  },
  {
    "id": "region",
    "html": "<span class=\"views-field views-field-title-field\">        <span class=\"field-content\"><a href=\"/en/news/2022-seasons-greetings-ascobans-secretariat\">2022 Season's Greetings from the ASCOBANS Secretariat</a></span>  </span>",
    "failureSummary": "Fix any of the following:\n  Some page content is not contained by landmarks",
    "fixedHtml": "",
    "report": ""
  },
  {
    "id": "region",
    "html": "<a href=\"/en/news/2022-seasons-greetings-ascobans-secretariat\">",
    "failureSummary": "Fix any of the following:\n  Some page content is not contained by landmarks",
    "fixedHtml": "<a href=\"/en/news/2022-seasons-greetings-ascobans-secretariat\">",
    "report": "Fixing missing landmark. Updated html is: <a href=\"/en/news/2022-seasons-greetings-ascobans-secretariat\">"
  },
  {
    "id": "region",
    "html": "<span class=\"views-field views-field-title-field\">        <span class=\"field-content\"><a href=\"/en/news/call-expressions-interest-coordination-jastarnia-and-wbbk-plans\">Call for Expressions of Interest: Coordination of the Jastarnia and WBBK Plans</a></span>  </span>",
    "failureSummary": "Fix any of the following:\n  Some page content is not contained by landmarks",
    "fixedHtml": "<span class=\"views-field views-field-title-field\"><span class=\"field-content\"><a href=\"/en/news/call-expressions-interest-coordination-jastarnia-and-wbbk-plans\">Call for Expressions of Interest: Coordination of the Jastarnia and WBBK Plans</a></span>  </span>",
    "report": "Fix by adding a role attribute to the span tag"
  },
  {
    "id": "region",
    "html": "<a href=\"/en/news/call-expressions-interest-coordination-jastarnia-and-wbbk-plans\">",
    "failureSummary": "Fix any of the following:\n  Some page content is not contained by landmarks",
    "fixedHtml": "<a href=\"/en/news/call-expressions-interest-coordination-jastarnia-and-wbbk-plans\">",
    "report": "Fixed by adding <div class='landmark'> around the region content."
  },
  {
    "id": "region",
    "html": "<li class=\"odd jcarousel-item jcarousel-item-horizontal jcarousel-item-3 jcarousel-item-3-horizontal\" style=\"float: left; list-style: none; width: 750px;\" jcarouselindex=\"3\">",
    "failureSummary": "Fix any of the following:\n  Some page content is not contained by landmarks",
    "fixedHtml": "<li class=\"odd jcarousel-item jcarousel-item-horizontal jcarousel-item-3 jcarousel-item-3-horizontal\" style=\"float: left; list-style: none; width: 750px;\" jcarouselindex=\"3\"><div class=\"landmark region\">Region</div>",
    "report": "Added <div class='landmark region'> to the <li> element, so it is now contained by a landmark."
  },
  {
    "id": "region",
    "html": "<span class=\"views-field views-field-title-field\">        <span class=\"field-content\"><a href=\"/en/news/3rd-meeting-ascobans-common-dolphin-group\">3rd Meeting of the ASCOBANS Common Dolphin Group</a></span>  </span>",
    "failureSummary": "Fix any of the following:\n  Some page content is not contained by landmarks",
    "fixedHtml": "<span class=\"views-field views-field-title-field\">        <span class=\"field-content\"><a href=\"/en/news/3rd-meeting-ascobans-common-dolphin-group\">3rd Meeting of the ASCOBANS Common Dolphin Group</a></span>  </span>",
    "report": "Fixed by adding a <nav> element with role 'main' containing all landmarks."
  },
  {
    "id": "region",
    "html": "<a href=\"/en/news/3rd-meeting-ascobans-common-dolphin-group\">",
    "failureSummary": "Fix any of the following:\n  Some page content is not contained by landmarks",
    "fixedHtml": "<a href=\"/en/news/3rd-meeting-ascobans-common-dolphin-group\">",
    "report": "Fixed missing <nav> and added <header>."
  },
  {
    "id": "region",
    "html": "<span class=\"views-field views-field-title-field\">        <span class=\"field-content\"><a href=\"/en/news/27th-meeting-ascobans-advisory-committee\">27th Meeting of the ASCOBANS Advisory Committee</a></span>  </span>",
    "failureSummary": "Fix any of the following:\n  Some page content is not contained by landmarks",
    "fixedHtml": "<span class=\"views-field views-field-title-field\"><span class=\"field-content\"><a href=\"/en/news/27th-meeting-ascobans-advisory-committee\">27th Meeting of the ASCOBANS Advisory Committee</a></span>  </span>",
    "report": "Fixed by adding an <a> tag around the text."
  },
  {
    "id": "region",
    "html": "<a href=\"/en/news/27th-meeting-ascobans-advisory-committee\">",
    "failureSummary": "Fix any of the following:\n  Some page content is not contained by landmarks",
    "fixedHtml": "<a href=\"/en/news/27th-meeting-ascobans-advisory-committee\">",
    "report": "Fixed missing <nav> element."
  },
  {
    "id": "region",
    "html": "<div class=\"view-footer\">\n      <a href=\"news\">More news</a>\n    </div>",
    "failureSummary": "Fix any of the following:\n  Some page content is not contained by landmarks",
    "fixedHtml": "<div class=\"view-footer\">\n                        <a href=\"news\">More news</a>\n                      </div>",
    "report": "Fixed missing landmark for footer links."
  },
  {
    "id": "region",
    "html": "<ul class=\"ui-tabs-nav ui-helper-reset ui-helper-clearfix ui-widget-header ui-corner-all\" role=\"tablist\">",
    "failureSummary": "Fix any of the following:\n  Some page content is not contained by landmarks",
    "fixedHtml": "<ul class=\"ui-tabs-nav ui-helper-reset ui-helper-clearfix ui-widget-header ui-corner-all\" role=\"tablist\">",
    "report": "Fixed missing 'role' attribute on '<ul>'. Now, it is correctly set to 'tablist'."
  },
  {
    "id": "region",
    "html": "<div id=\"qt-homepage_tabs-ui-tabs1\" aria-labelledby=\"ui-id-1\" class=\"ui-tabs-panel ui-widget-content ui-corner-bottom\" role=\"tabpanel\" aria-expanded=\"true\" aria-hidden=\"false\">",
    "failureSummary": "Fix any of the following:\n  Some page content is not contained by landmarks",
    "fixedHtml": "<div id=\"qt-homepage_tabs-ui-tabs1\" aria-labelledby=\"qt-homepage_tabs-tabs-qt-homepage_tabs-tab-0\" class=\"ui-tabs-panel ui-widget-content ui-corner-bottom\" role=\"tabpanel\" aria-expanded=\"true\" aria-hidden=\"false\">",
    "report": "Fixed the region landmark by adding a 'aria-labelledby' attribute to the tab element."
  }
]