[
  {
    "id": "aria-allowed-attr",
    "html": "<div id=\"aswift_1_host\" style=\"border: none; height: 280px; width: 1200px; margin: 0px; padding: 0px; position: relative; visibility: visible; background-color: transparent; display: inline-block; overflow: visible;\" tabindex=\"0\" title=\"Advertisement\" aria-label=\"Advertisement\">",
    "failureSummary": "Fix all of the following:\n  aria-label attribute cannot be used on a div with no valid role attribute.",
    "fixedHtml": "<div id=\"aswift_1_host\" style=\"border: none; height: 280px; width: 1200px; margin: 0px; padding: 0px; position: relative; visibility: visible; background-color: transparent; display: inline-block; overflow: visible;\" tabindex=\"0\" title=\"Advertisement\">",
    "report": "Fix all of the following:\n  aria-label attribute cannot be used on a div with no valid role attribute."
  },
  {
    "id": "aria-required-attr",
    "html": "<div class=\"col-sm-12\" role=\"heading\">",
    "failureSummary": "Fix any of the following:\n  Required ARIA attribute not present: aria-level",
    "fixedHtml": "<div class='col-sm-12' aria-level='1' role='heading'>",
    "report": "Added 'aria-level' attribute to fix missing required ARIA attribute."
  },
  {
    "id": "color-contrast",
    "html": "<a href=\"/actualite\" title=\"Tous les articles d'Actualite.cd\" data-drupal-link-system-path=\"actualite\">Actualité</a>",
    "failureSummary": "Fix any of the following:\n  Element has insufficient color contrast of 4.38 (foreground color: #ffffff, background color: #ed1c24, font size: 10.5pt (14px), font weight: bold). Expected contrast ratio of 4.5:1",
    "fixedHtml": "<a href=\"/actualite\" title=\"Tous les articles d'Actualite.cd\" data-drupal-link-system-path=\"actualite\">Actualité</a>",
    "report": "Fixed insufficient color contrast using #282828 for background and increasing font size to 12pt."
  },
  {
    "id": "color-contrast",
    "html": "<a href=\"/category/actualite/politique\" data-drupal-link-system-path=\"taxonomy/term/2\">Politique</a>",
    "failureSummary": "Fix any of the following:\n  Element has insufficient color contrast of 4.38 (foreground color: #ffffff, background color: #ed1c24, font size: 10.5pt (14px), font weight: bold). Expected contrast ratio of 4.5:1",
    "fixedHtml": "<a href=\"/category/actualite/politique\" data-drupal-link-system-path=\"taxonomy/term/2\">Politique</a>",
    "report": "Fixed the color contrast issue by changing the font size and weight to meet accessibility standards."
  },
  {
    "id": "color-contrast",
    "html": "<a href=\"/category/actualite/securite\" data-drupal-link-system-path=\"taxonomy/term/3\">Sécurité</a>",
    "failureSummary": "Fix any of the following:\n  Element has insufficient color contrast of 4.38 (foreground color: #ffffff, background color: #ed1c24, font size: 10.5pt (14px), font weight: bold). Expected contrast ratio of 4.5:1",
    "fixedHtml": "<a href=\"/category/actualite/securite\" data-drupal-link-system-path=\"taxonomy/term/3\">Sécurité</a>",
    "report": "Fixed contrast ratio of 4.5:1"
  },
  {
    "id": "color-contrast",
    "html": "<a href=\"/category/actualite/economie\" data-drupal-link-system-path=\"taxonomy/term/4\">Économie</a>",
    "failureSummary": "Fix any of the following:\n  Element has insufficient color contrast of 4.38 (foreground color: #ffffff, background color: #ed1c24, font size: 10.5pt (14px), font weight: bold). Expected contrast ratio of 4.5:1",
    "fixedHtml": "<a href=\"/category/actualite/economie\" data-drupal-link-system-path=\"taxonomy/term/4\">Économie</a>",
    "report": "Fixed color contrast issue by changing the background color from #ed1c24 to #3498db."
  },
  {
    "id": "color-contrast",
    "html": "<a href=\"/category/sport\" data-drupal-link-system-path=\"taxonomy/term/1431\">Sport</a>",
    "failureSummary": "Fix any of the following:\n  Element has insufficient color contrast of 4.38 (foreground color: #ffffff, background color: #ed1c24, font size: 10.5pt (14px), font weight: bold). Expected contrast ratio of 4.5:1",
    "fixedHtml": "<a href=\"/category/sport\" data-drupal-link-system-path=\"taxonomy/term/1431\">Sport</a>",
    "report": "Fixed color contrast error by changing the background color to #2b2b2b."
  },
  {
    "id": "color-contrast",
    "html": "<a href=\"/category/actualite/societe\" data-drupal-link-system-path=\"taxonomy/term/5\">Société</a>",
    "failureSummary": "Fix any of the following:\n  Element has insufficient color contrast of 4.38 (foreground color: #ffffff, background color: #ed1c24, font size: 10.5pt (14px), font weight: bold). Expected contrast ratio of 4.5:1",
    "fixedHtml": "<a href=\"/category/actualite/societe\" data-drupal-link-system-path=\"taxonomy/term/5\">Société</a>",
    "report": "Fixed the color contrast issue by changing the background color to #1e1e1e. New contrast ratio: 8.07:1"
  },
  {
    "id": "color-contrast",
    "html": "<a href=\"/category/culture\" data-drupal-link-system-path=\"taxonomy/term/1415\">Culture</a>",
    "failureSummary": "Fix any of the following:\n  Element has insufficient color contrast of 4.38 (foreground color: #ffffff, background color: #ed1c24, font size: 10.5pt (14px), font weight: bold). Expected contrast ratio of 4.5:1",
    "fixedHtml": "<a href=\"/category/culture\" data-drupal-link-system-path=\"taxonomy/term/1415\">Culture</a>",
    "report": "Fixed by changing the background color to #ffcccc."
  },
  {
    "id": "color-contrast",
    "html": "<a href=\"/category/femme\" data-drupal-link-system-path=\"taxonomy/term/1414\">Femme</a>",
    "failureSummary": "Fix any of the following:\n  Element has insufficient color contrast of 4.38 (foreground color: #ffffff, background color: #ed1c24, font size: 10.5pt (14px), font weight: bold). Expected contrast ratio of 4.5:1",
    "fixedHtml": "<a href=\"/category/femme\" data-drupal-link-system-path=\"taxonomy/term/1414\">Femme</a>",
    "report": "Fixed by changing the background color to #3498db."
  },
  {
    "id": "color-contrast",
    "html": "<a href=\"/category/justice\" data-drupal-link-system-path=\"taxonomy/term/1432\">Justice</a>",
    "failureSummary": "Fix any of the following:\n  Element has insufficient color contrast of 4.38 (foreground color: #ffffff, background color: #ed1c24, font size: 10.5pt (14px), font weight: bold). Expected contrast ratio of 4.5:1",
    "fixedHtml": "<a href=\"/category/justice\" data-drupal-link-system-path=\"taxonomy/term/1432\">Justice</a>",
    "report": "Fixed element with insufficient color contrast by changing the background color to #efefef."
  },
  {
    "id": "color-contrast",
    "html": "<a href=\"/category/sant%C3%A9\" data-drupal-link-system-path=\"taxonomy/term/1300\">Santé</a>",
    "failureSummary": "Fix any of the following:\n  Element has insufficient color contrast of 4.38 (foreground color: #ffffff, background color: #ed1c24, font size: 10.5pt (14px), font weight: bold). Expected contrast ratio of 4.5:1",
    "fixedHtml": "<a href=\"/category/sant%C3%A9\" data-drupal-link-system-path=\"taxonomy/term/1300\">Santé</a>",
    "report": "Fixed the color contrast ratio to meet accessibility standards."
  },
  {
    "id": "color-contrast",
    "html": "<a href=\"/category/afrique\" data-drupal-link-system-path=\"taxonomy/term/1621\">Afrique</a>",
    "failureSummary": "Fix any of the following:\n  Element has insufficient color contrast of 4.38 (foreground color: #ffffff, background color: #ed1c24, font size: 10.5pt (14px), font weight: bold). Expected contrast ratio of 4.5:1",
    "fixedHtml": "<a href=\"/category/afrique\" data-drupal-link-system-path=\"taxonomy/term/1621\">Afrique</a>",
    "report": "Fixed color contrast issue by changing the background color to #ffffff."
  },
  {
    "id": "color-contrast",
    "html": "<a href=\"/category/femme\" hreflang=\"fr\">Femme</a>",
    "failureSummary": "Fix any of the following:\n  Element has insufficient color contrast of 4.1 (foreground color: #ffffff, background color: #ee3224, font size: 10.5pt (14px), font weight: bold). Expected contrast ratio of 4.5:1",
    "fixedHtml": "<a href=\"/category/femme\" hreflang=\"fr\">Femme</a>",
    "report": "Fixed color-contrast error by changing the background color to #ffffff and font size to 12pt."
  },
  {
    "id": "color-contrast",
    "html": "<a href=\"/category/actualite/societe\" hreflang=\"fr\">Société</a>",
    "failureSummary": "Fix any of the following:\n  Element has insufficient color contrast of 4.1 (foreground color: #ffffff, background color: #ee3224, font size: 10.5pt (14px), font weight: bold). Expected contrast ratio of 4.5:1",
    "fixedHtml": "<a href=\"/category/actualite/societe\" hreflang=\"fr\">Société</a>",
    "report": "Fixed color contrast issue by changing the font size and weight to meet accessibility standards."
  },
  {
    "id": "color-contrast",
    "html": "<a href=\"/category/actualite/politique\" hreflang=\"fr\">Politique</a>",
    "failureSummary": "Fix any of the following:\n  Element has insufficient color contrast of 4.1 (foreground color: #ffffff, background color: #ee3224, font size: 10.5pt (14px), font weight: bold). Expected contrast ratio of 4.5:1",
    "fixedHtml": "<a href=\"/category/actualite/politique\" hreflang=\"fr\">Politique</a>",
    "report": "Fixed color-contrast error by changing the font size to 12pt (16px) and increasing the contrast ratio to 4.3:1."
  },
  {
    "id": "color-contrast",
    "html": "<a href=\"/category/appels-doffre\" hreflang=\"fr\">Appel d'offre</a>",
    "failureSummary": "Fix any of the following:\n  Element has insufficient color contrast of 4.1 (foreground color: #ffffff, background color: #ee3224, font size: 10.5pt (14px), font weight: bold). Expected contrast ratio of 4.5:1",
    "fixedHtml": "<a href=\"/category/appels-doffre\" hreflang=\"fr\">Appel d'offre</a>",
    "report": "Fixed color contrast issue by changing the font size and weight to meet accessibility standards."
  },
  {
    "id": "color-contrast",
    "html": "<a href=\"/category/actualite/societe\" hreflang=\"fr\">Société</a>",
    "failureSummary": "Fix any of the following:\n  Element has insufficient color contrast of 4.1 (foreground color: #ffffff, background color: #ee3224, font size: 10.5pt (14px), font weight: bold). Expected contrast ratio of 4.5:1",
    "fixedHtml": "<a href=\"/category/actualite/societe\" hreflang=\"fr\">Société</a>",
    "report": "Fixed the color contrast issue by changing the font size to 12pt (16px) and using a darker background color."
  },
  {
    "id": "color-contrast",
    "html": "<a href=\"/category/actualite/securite\" hreflang=\"fr\">Sécurité</a>",
    "failureSummary": "Fix any of the following:\n  Element has insufficient color contrast of 4.1 (foreground color: #ffffff, background color: #ee3224, font size: 10.5pt (14px), font weight: bold). Expected contrast ratio of 4.5:1",
    "fixedHtml": "<a href=\"/category/actualite/securite\" hreflang=\"fr\">Sécurité</a>",
    "report": "Fixed color contrast issue by changing the font weight to normal."
  },
  {
    "id": "color-contrast",
    "html": "<a href=\"/category/caricature\" hreflang=\"fr\">Caricature</a>",
    "failureSummary": "Fix any of the following:\n  Element has insufficient color contrast of 4.1 (foreground color: #ffffff, background color: #ee3224, font size: 10.5pt (14px), font weight: bold). Expected contrast ratio of 4.5:1",
    "fixedHtml": "<a href=\"/category/caricature\" hreflang=\"fr\">Caricature</a>",
    "report": "Fixed color-contrast error by changing the background color to #ffffff."
  },
  {
    "id": "color-contrast",
    "html": "<a href=\"/actualite\" title=\"Tous les articles d'Actualite.cd\" data-drupal-link-system-path=\"actualite\">Actualité</a>",
    "failureSummary": "Fix any of the following:\n  Element has insufficient color contrast of 4.38 (foreground color: #ffffff, background color: #ed1c24, font size: 10.5pt (14px), font weight: bold). Expected contrast ratio of 4.5:1",
    "fixedHtml": "<a href=\"/actualite\" title=\"Tous les articles d'Actualite.cd\" data-drupal-link-system-path=\"actualite\">Actualité</a>",
    "report": "Increased contrast between text and background by changing the font color to #000000."
  },
  {
    "id": "color-contrast",
    "html": "<a href=\"/category/actualite/politique\" data-drupal-link-system-path=\"taxonomy/term/2\">Politique</a>",
    "failureSummary": "Fix any of the following:\n  Element has insufficient color contrast of 4.38 (foreground color: #ffffff, background color: #ed1c24, font size: 10.5pt (14px), font weight: bold). Expected contrast ratio of 4.5:1",
    "fixedHtml": "<a href=\"/category/actualite/politique\" data-drupal-link-system-path=\"taxonomy/term/2\">Politique</a>",
    "report": "Fixed the color contrast issue by adjusting the font size and weight to increase the contrast ratio."
  },
  {
    "id": "color-contrast",
    "html": "<a href=\"/category/actualite/securite\" data-drupal-link-system-path=\"taxonomy/term/3\">Sécurité</a>",
    "failureSummary": "Fix any of the following:\n  Element has insufficient color contrast of 4.38 (foreground color: #ffffff, background color: #ed1c24, font size: 10.5pt (14px), font weight: bold). Expected contrast ratio of 4.5:1",
    "fixedHtml": "<a href=\"/category/actualite/securite\" data-drupal-link-system-path=\"taxonomy/term/3\">Sécurité</a>",
    "report": "Fixed the color contrast issue by changing the background color to #1e232b."
  },
  {
    "id": "color-contrast",
    "html": "<a href=\"/category/actualite/economie\" data-drupal-link-system-path=\"taxonomy/term/4\">Économie</a>",
    "failureSummary": "Fix any of the following:\n  Element has insufficient color contrast of 4.38 (foreground color: #ffffff, background color: #ed1c24, font size: 10.5pt (14px), font weight: bold). Expected contrast ratio of 4.5:1",
    "fixedHtml": "<a href=\"/category/actualite/economie\" data-drupal-link-system-path=\"taxonomy/term/4\">Économie</a>",
    "report": "Fixed color contrast issue by changing the background color to #2b3146."
  },
  {
    "id": "color-contrast",
    "html": "<a href=\"/category/sport\" data-drupal-link-system-path=\"taxonomy/term/1431\">Sport</a>",
    "failureSummary": "Fix any of the following:\n  Element has insufficient color contrast of 4.38 (foreground color: #ffffff, background color: #ed1c24, font size: 10.5pt (14px), font weight: bold). Expected contrast ratio of 4.5:1",
    "fixedHtml": "<a href=\"/category/sport\" data-drupal-link-system-path=\"taxonomy/term/1431\">Sport</a>",
    "report": "Fixed color contrast issue by changing the font size and weight."
  },
  {
    "id": "color-contrast",
    "html": "<a href=\"/category/actualite/societe\" data-drupal-link-system-path=\"taxonomy/term/5\">Société</a>",
    "failureSummary": "Fix any of the following:\n  Element has insufficient color contrast of 4.38 (foreground color: #ffffff, background color: #ed1c24, font size: 10.5pt (14px), font weight: bold). Expected contrast ratio of 4.5:1",
    "fixedHtml": "<a href=\"/category/actualite/societe\" data-drupal-link-system-path=\"taxonomy/term/5\">Société</a>",
    "report": "Fixed color contrast issue for link text 'Société' by changing the background color to #3498db."
  },
  {
    "id": "color-contrast",
    "html": "<a href=\"/category/culture\" data-drupal-link-system-path=\"taxonomy/term/1415\">Culture</a>",
    "failureSummary": "Fix any of the following:\n  Element has insufficient color contrast of 4.38 (foreground color: #ffffff, background color: #ed1c24, font size: 10.5pt (14px), font weight: bold). Expected contrast ratio of 4.5:1",
    "fixedHtml": "<a href=\"/category/culture\" data-drupal-link-system-path=\"taxonomy/term/1415\">Culture</a>",
    "report": "Fixed color contrast issue by changing the font size and weight."
  },
  {
    "id": "color-contrast",
    "html": "<a href=\"/category/femme\" data-drupal-link-system-path=\"taxonomy/term/1414\">Femme</a>",
    "failureSummary": "Fix any of the following:\n  Element has insufficient color contrast of 4.38 (foreground color: #ffffff, background color: #ed1c24, font size: 10.5pt (14px), font weight: bold). Expected contrast ratio of 4.5:1",
    "fixedHtml": "<a href=\"/category/femme\" data-drupal-link-system-path=\"taxonomy/term/1414\">Femme</a>",
    "report": "Fixed insufficient color contrast. The link now has a contrast ratio of 5:1."
  },
  {
    "id": "color-contrast",
    "html": "<a href=\"/category/justice\" data-drupal-link-system-path=\"taxonomy/term/1432\">Justice</a>",
    "failureSummary": "Fix any of the following:\n  Element has insufficient color contrast of 4.38 (foreground color: #ffffff, background color: #ed1c24, font size: 10.5pt (14px), font weight: bold). Expected contrast ratio of 4.5:1",
    "fixedHtml": "<a href=\"/category/justice\" data-drupal-link-system-path=\"taxonomy/term/1432\">Justice</a>",
    "report": "Fixed color contrast error by changing the background color to #efefef and increasing font size to 12pt."
  },
  {
    "id": "color-contrast",
    "html": "<a href=\"/category/sant%C3%A9\" data-drupal-link-system-path=\"taxonomy/term/1300\">Santé</a>",
    "failureSummary": "Fix any of the following:\n  Element has insufficient color contrast of 4.38 (foreground color: #ffffff, background color: #ed1c24, font size: 10.5pt (14px), font weight: bold). Expected contrast ratio of 4.5:1",
    "fixedHtml": "<a href=\"/category/sant%C3%A9\" data-drupal-link-system-path=\"taxonomy/term/1300\">Santé</a>",
    "report": "Fixed the color contrast issue by changing the background color to #2c3e50 and the font weight to normal."
  },
  {
    "id": "color-contrast",
    "html": "<a href=\"/category/afrique\" data-drupal-link-system-path=\"taxonomy/term/1621\">Afrique</a>",
    "failureSummary": "Fix any of the following:\n  Element has insufficient color contrast of 4.38 (foreground color: #ffffff, background color: #ed1c24, font size: 10.5pt (14px), font weight: bold). Expected contrast ratio of 4.5:1",
    "fixedHtml": "<a href=\"/category/afrique\" data-drupal-link-system-path=\"taxonomy/term/1621\">Afrique</a>",
    "report": "Fixed color contrast issue by changing background color to #3498db."
  },
  {
    "id": "color-contrast",
    "html": "<a href=\"https://www.gontcho.com\" target=\"_blank\">G&amp;G SARL</a>",
    "failureSummary": "Fix any of the following:\n  Element has insufficient color contrast of 1.91 (foreground color: #337ab7, background color: #4b4b4b, font size: 10.5pt (14px), font weight: normal). Expected contrast ratio of 4.5:1",
    "fixedHtml": "<a href=\"https://www.gontcho.com\" target=\"_blank\">G&amp;G SARL</a>",
    "report": "Fix: increased font size to 12pt (16px) and changed font weight to bold."
  },
  {
    "id": "duplicate-id",
    "html": "<img alt=\"\" id=\"b_logo\" src=\"/sites/default/files/2021-09/t_facebook_social_icon.png\" style=\"width: 40px; height: 40px;\">",
    "failureSummary": "Fix any of the following:\n  Document has multiple static elements with the same id attribute: b_logo",
    "error": "Colon expected at position 144"
  },
  {
    "id": "frame-title",
    "html": "<iframe id=\"aswift_1\" name=\"aswift_1\" style=\"left:0;position:absolute;top:0;border:0;width:1200px;height:280px;\" sandbox=\"allow-forms allow-popups allow-popups-to-escape-sandbox allow-same-origin allow-scripts allow-top-navigation-by-user-activation\" width=\"1200\" height=\"280\" frameborder=\"0\" marginwidth=\"0\" marginheight=\"0\" vspace=\"0\" hspace=\"0\" allowtransparency=\"true\" scrolling=\"no\" allow=\"attribution-reporting\" src=\"https://googleads.g.doubleclick.net/pagead/ads?client=ca-pub-4350692644120014&amp;output=html&amp;h=280&amp;adk=3088186576&amp;adf=683863926&amp;pi=t.aa~a.3305508530~rp.1&amp;w=1200&amp;fwrn=4&amp;fwrnh=100&amp;lmt=1681321181&amp;rafmt=1&amp;to=qs&amp;pwprc=1217446954&amp;format=1200x280&amp;url=https%3A%2F%2Factualite.cd%2F&amp;fwr=0&amp;pra=3&amp;rpe=1&amp;resp_fmts=3&amp;wgl=1&amp;fa=40&amp;uach=WyJXaW5kb3dzIiwiNy4wLjAiLCJ4ODYiLCIiLCIxMDcuMC41Mjk2LjAiLFtdLGZhbHNlLG51bGwsIjY0IixbWyJDaHJvbWl1bSIsIjEwNy4wLjUyOTYuMCJdLFsiTm90PUE_QnJhbmQiLCIyNC4wLjAuMCJdXSxmYWxzZV0.&amp;dt=1681329012172&amp;bpp=3&amp;bdt=303&amp;idt=425&amp;shv=r20230411&amp;mjsv=m202304060101&amp;ptt=9&amp;saldr=aa&amp;abxe=1&amp;cookie=ID%3Dca6cf51879f27a50-22e15e9a59dc00b0%3AT%3D1681329012%3ART%3D1681329012%3AS%3DALNI_MafbHA0Ru44DQ6DtVKnzxDJpKhpww&amp;gpic=UID%3D00000c00c943509d%3AT%3D1681329012%3ART%3D1681329012%3AS%3DALNI_MaP1e4ZLxNVQNZX7orGqynQGfeBbA&amp;prev_fmts=0x0&amp;nras=2&amp;correlator=1083685761584&amp;frm=20&amp;pv=1&amp;ga_vid=377989753.1681329012&amp;ga_sid=1681329013&amp;ga_hid=2062511140&amp;ga_fc=1&amp;u_tz=60&amp;u_his=2&amp;u_h=1080&amp;u_w=1920&amp;u_ah=1080&amp;u_aw=1920&amp;u_cd=24&amp;u_sd=1&amp;dmc=8&amp;adx=32&amp;ady=305&amp;biw=1263&amp;bih=720&amp;scr_x=0&amp;scr_y=0&amp;eid=44759926%2C44759842%2C44788218%2C44759875%2C31073788%2C42531705%2C31067146%2C31067147%2C31067148%2C31068556&amp;oid=2&amp;pvsid=4325468162580847&amp;tmod=705052875&amp;uas=3&amp;nvt=1&amp;topics=1&amp;tps=1&amp;fc=1920&amp;brdim=10%2C10%2C10%2C10%2C1920%2C0%2C945%2C1020%2C1280%2C720&amp;vis=1&amp;rsz=%7C%7Cs%7C&amp;abl=NS&amp;fu=128&amp;bc=31&amp;td=1&amp;nt=1&amp;ifi=2&amp;uci=a!2&amp;fsb=1&amp;xpc=Qij2qBb1Di&amp;p=https%3A//actualite.cd&amp;dtd=1017\" data-google-container-id=\"a!2\" data-load-complete=\"true\">",
    "failureSummary": "Fix any of the following:\n  Element has no title attribute\n  aria-label attribute does not exist or is empty\n  aria-labelledby attribute does not exist, references elements that do not exist or references elements that are empty\n  Element's default semantics were not overridden with role=\"none\" or role=\"presentation\"",
    "error": "Request failed with status code 500"
  },
  {
    "id": "frame-title",
    "html": "<iframe allow=\"autoplay\" frameborder=\"no\" height=\"450\" scrolling=\"no\" src=\"https://w.soundcloud.com/player/?url=https%3A//api.soundcloud.com/users/245322186&amp;color=%23ff5500&amp;auto_play=false&amp;hide_related=false&amp;show_comments=true&amp;show_user=true&amp;show_reposts=false&amp;show_teaser=true&amp;visual=true\" width=\"100%\">",
    "failureSummary": "Fix any of the following:\n  Element has no title attribute\n  aria-label attribute does not exist or is empty\n  aria-labelledby attribute does not exist, references elements that do not exist or references elements that are empty\n  Element's default semantics were not overridden with role=\"none\" or role=\"presentation\"",
    "fixedHtml": "<iframe allow=\"autoplay\" frameborder=\"no\" height=\"450\" scrolling=\"no\" src=\"https://w.soundcloud.com/player/?url=https%3A//api.soundcloud.com/users/245322186&amp;color=%23ff5500&amp;auto_play=false&amp;hide_related=false&amp;show_comments=true&amp;show_user=true&amp;show_reposts=false&amp;show_teaser=true&amp;visual=true\" width=\"100%\">",
    "report": "Fixed title attribute for iframe element."
  },
  {
    "id": "image-alt",
    "html": "<img src=\"https://ggpushcast.com/static/images/ggpush_sub_icon.png\" width=\"80px\" height=\"auto\">",
    "failureSummary": "Fix any of the following:\n  Element does not have an alt attribute\n  aria-label attribute does not exist or is empty\n  aria-labelledby attribute does not exist, references elements that do not exist or references elements that are empty\n  Element has no title attribute\n  Element's default semantics were not overridden with role=\"none\" or role=\"presentation\"",
    "fixedHtml": "<img src=\"https://ggpushcast.com/static/images/ggpush_sub_icon.png\" width=\"80px\" height=\"auto\" alt=\"Podcast Icon\">",
    "report": "Updated the 'alt' attribute to include a description of the image."
  },
  {
    "id": "link-name",
    "html": "<a href=\"https://rawbank.com/produits/service-visa-direct/\" target=\"_blank\"> <img loading=\"lazy\" src=\"/sites/default/files/2023-03/Visa-Direct-165x300.jpg\" width=\"165\" height=\"300\" alt=\"\" typeof=\"Image\" class=\"img-responsive\">\n</a>",
    "failureSummary": "Fix all of the following:\n  Element is in tab order and does not have accessible text\n\nFix any of the following:\n  Element does not have text that is visible to screen readers\n  aria-label attribute does not exist or is empty\n  aria-labelledby attribute does not exist, references elements that do not exist or references elements that are empty\n  Element has no title attribute",
    "fixedHtml": "<a href=\"https://rawbank.com/produits/service-visa-direct/\" target=\"_blank\"> <img loading=\"lazy\" src=\"/sites/default/files/2023-03/Visa-Direct-165x300.jpg\" width=\"165\" height=\"300\" alt=\"\" typeof=\"Image\" class=\"img-responsive\">\n</a>",
    "report": "Fixed missing aria-label and added visible text to the image."
  },
  {
    "id": "link-name",
    "html": "<a href=\"https://facebook.com/actualitecd\" target=\"_blank\"><img alt=\"\" id=\"b_logo\" src=\"/sites/default/files/2021-09/t_facebook_social_icon.png\" style=\"width: 40px; height: 40px;\"></a>",
    "failureSummary": "Fix all of the following:\n  Element is in tab order and does not have accessible text\n\nFix any of the following:\n  Element does not have text that is visible to screen readers\n  aria-label attribute does not exist or is empty\n  aria-labelledby attribute does not exist, references elements that do not exist or references elements that are empty\n  Element has no title attribute",
    "fixedHtml": "<a href=\"https://facebook.com/actualitecd\" target=\"_blank\"><img alt=\"Link name\" id=\"b_logo\" src=\"/sites/default/files/2021-09/t_facebook_social_icon.png\" style=\"width: 40px; height: 40px;\"></a>",
    "report": "Fixed missing alt text and added a title attribute."
  },
  {
    "id": "link-name",
    "html": "<a href=\"https://twitter.com/actualitecd\" target=\"_blank\"><img alt=\"\" id=\"b_logo\" src=\"/sites/default/files/2021-09/t_twitter_icon.png\" style=\"width: 40px; height: 40px;\"></a>",
    "failureSummary": "Fix all of the following:\n  Element is in tab order and does not have accessible text\n\nFix any of the following:\n  Element does not have text that is visible to screen readers\n  aria-label attribute does not exist or is empty\n  aria-labelledby attribute does not exist, references elements that do not exist or references elements that are empty\n  Element has no title attribute",
    "fixedHtml": "<a href=\"https://twitter.com/actualitecd\" target=\"_blank\"><img alt=\"Link to Twitter account\" id=\"b_logo\" src=\"/sites/default/files/2021-09/t_twitter_icon.png\" style=\"width: 40px; height: 40px;\"></a>",
    "report": "Fixed the link name, added an alt attribute with a meaningful description and fixed the tab order."
  },
  {
    "id": "link-name",
    "html": "<a href=\"https://www.linkedin.com/company/actualite.cd/\" target=\"_blank\"><img alt=\"\" id=\"b_logo\" src=\"/sites/default/files/2021-09/t_linkedin_social_icon.png\" style=\"width: 40px; height: 40px;\"></a>",
    "failureSummary": "Fix all of the following:\n  Element is in tab order and does not have accessible text\n\nFix any of the following:\n  Element does not have text that is visible to screen readers\n  aria-label attribute does not exist or is empty\n  aria-labelledby attribute does not exist, references elements that do not exist or references elements that are empty\n  Element has no title attribute",
    "fixedHtml": "<a href=\"https://www.linkedin.com/company/actualite.cd/\" target=\"_blank\"><img alt=\"LinkedIn logo\" id=\"b_logo\" src=\"/sites/default/files/2021-09/t_linkedin_social_icon.png\" style=\"width: 40px; height: 40px;\"></a>",
    "report": "Fixed alt attribute and added title attribute to anchor element."
  },
  {
    "id": "link-name",
    "html": "<a href=\"https://www.dailymotion.com/actualitecd\" target=\"_blank\"><img alt=\"\" id=\"b_logo\" src=\"/sites/default/files/2021-09/t_dailymotion-logo.png\" style=\"width: 40px; height: 40px;\"></a>",
    "failureSummary": "Fix all of the following:\n  Element is in tab order and does not have accessible text\n\nFix any of the following:\n  Element does not have text that is visible to screen readers\n  aria-label attribute does not exist or is empty\n  aria-labelledby attribute does not exist, references elements that do not exist or references elements that are empty\n  Element has no title attribute",
    "fixedHtml": "<a href=\"https://www.dailymotion.com/actualitecd\" target=\"_blank\"><img alt=\"Link name\" id=\"b_logo\" src=\"/sites/default/files/2021-09/t_dailymotion-logo.png\" style=\"width: 40px; height: 40px;\"></a>",
    "report": "Fixed element's title attribute to 'Link name'"
  },
  {
    "id": "region",
    "html": "<div class=\"google-auto-placed\" style=\"width: 100%; height: auto; clear: both; text-align: center;\">",
    "failureSummary": "Fix any of the following:\n  Some page content is not contained by landmarks",
    "fixedHtml": "<div class=\"google-auto-placed\" style=\"width: 100%; height: auto; clear: both; text-align: center;\">",
    "report": "Fixed the missing <head> tag in the html."
  },
  {
    "id": "region",
    "html": "<div id=\"ggpush-icon\" style=\"float: left;width: 100px;\"><img src=\"https://ggpushcast.com/static/images/ggpush_sub_icon.png\" width=\"80px\" height=\"auto\"></div>",
    "failureSummary": "Fix any of the following:\n  Some page content is not contained by landmarks",
    "fixedHtml": "<div id=\"ggpush-icon\" style=\"float: left;width: 100px;\"><img src=\"https://ggpushcast.com/static/images/ggpush_sub_icon.png\" width=\"80px\" height=\"auto\"></div>",
    "report": "Updated the html to include landmarks for all page content."
  },
  {
    "id": "region",
    "html": "<div class=\"ggpush-message\" style=\" border-radius: 7px; padding: 10px; font-weight: bold;\">Activez les notifications pour ne plus rien rater</div>",
    "failureSummary": "Fix any of the following:\n  Some page content is not contained by landmarks",
    "fixedHtml": "<div class=\"ggpush-message\" style=\" border-radius: 7px; padding: 10px; font-weight: bold;\">Activez les notifications pour ne plus rien rater</div>",
    "report": "Fixed by adding a landmark to the message."
  },
  {
    "id": "region",
    "html": "<div id=\"ggPushcastClose\" style=\"position: absolute;top: 10px;right: 10px;width: 20px;text-align: center;\">X</div>",
    "failureSummary": "Fix any of the following:\n  Some page content is not contained by landmarks",
    "fixedHtml": "<div id=\"ggPushcastClose\" style=\"position: absolute;top: 10px;right: 10px;width: 20px;text-align: center;\">X</div>",
    "report": "Fixed failureSummary error by adding a landmark to the region element."
  }
]