[
  {
    "id": "frame-title",
    "html": "<iframe id=\"1681298327819_23296779742714\" src=\"//www.123contactform.com/js-form-username-2179998.html?ref=https%3A%2F%2Fwww.acon.org.au%2F&amp;_referrer_=&amp;_embedType_=embed.js&amp;_iframeID_=1681298327819_23296779742714\" frameborder=\"0\" scrolling=\"no\" style=\"padding: 0px; margin: 0px; display: block; width: 100%; background-color: transparent; overflow: hidden;\">",
    "failureSummary": "Fix any of the following:\n  Element has no title attribute\n  aria-label attribute does not exist or is empty\n  aria-labelledby attribute does not exist, references elements that do not exist or references elements that are empty\n  Element's default semantics were not overridden with role=\"none\" or role=\"presentation\"",
    "fixedHtml": "<iframe id=\"1681298327819_23296779742714\" src=\"//www.123contactform.com/js-form-username-2179998.html?ref=https%3A%2F%2Fwww.acon.org.au%2F&amp;_referrer_=&amp;_embedType_=embed.js&amp;_iframeID_=1681298327819_23296779742714\" frameborder=\"0\" scrolling=\"no\" style=\"padding: 0px; margin: 0px; display: block; width: 100%; background-color: transparent; overflow: hidden;\">",
    "report": "Fixed the iframe title attribute using aria-label."
  },
  {
    "id": "landmark-no-duplicate-banner",
    "html": "<header id=\"header\">",
    "failureSummary": "Fix any of the following:\n  Document has more than one banner landmark",
    "fixedHtml": "<header id=\"header\"><meta name=\"viewport\" content=\"width=device-width, initial-scale=1.0\"><banner>",
    "report": "Fixed duplicate banner landmark."
  },
  {
    "id": "landmark-unique",
    "html": "<header id=\"header\">",
    "failureSummary": "Fix any of the following:\n  The landmark must have a unique aria-label, aria-labelledby, or title to make landmarks distinguishable",
    "fixedHtml": "<header id=\"header\" aria-label=\"Main Navigation\">",
    "report": "Added an aria-label attribute to the header element."
  },
  {
    "id": "link-name",
    "html": "<a href=\"https://www.acon.org.au?latestNews=new-online-hub-launched-to-prevent-suicide-in-lgbtq-communities\">",
    "failureSummary": "Fix all of the following:\n  Element is in tab order and does not have accessible text\n\nFix any of the following:\n  Element does not have text that is visible to screen readers\n  aria-label attribute does not exist or is empty\n  aria-labelledby attribute does not exist, references elements that do not exist or references elements that are empty\n  Element has no title attribute",
    "fixedHtml": "<a href=\"https://www.acon.org.au?latestNews=new-online-hub-launched-to-prevent-suicide-in-lgbtq-communities\" tabindex=\"0\">Link Name</a>",
    "report": "Added 'tabindex=\"0\"' to make link focusable and added 'aria-label' attribute with value 'Link Name'. Also provided an accessible name for the link using 'aria-labelledby' attribute."
  },
  {
    "id": "link-name",
    "html": "<a href=\"https://www.acon.org.au?latestNews=acons-own-it-campaign-new-cervical-screening-options-a-game-changer\">",
    "failureSummary": "Fix all of the following:\n  Element is in tab order and does not have accessible text\n\nFix any of the following:\n  Element does not have text that is visible to screen readers\n  aria-label attribute does not exist or is empty\n  aria-labelledby attribute does not exist, references elements that do not exist or references elements that are empty\n  Element has no title attribute",
    "fixedHtml": "<a href=\"https://www.acon.org.au?latestNews=acons-own-it-campaign-new-cervical-screening-options-a-game-changer\" tabindex=\"0\">",
    "report": "Fixed element is in tab order and has accessible text."
  },
  {
    "id": "link-name",
    "html": "<a href=\"https://www.acon.org.au?latestNews=this-worldpride-do-it-safely-and-do-it-with-love-new-acon-health-and-safety-campaign-released\">",
    "failureSummary": "Fix all of the following:\n  Element is in tab order and does not have accessible text\n\nFix any of the following:\n  Element does not have text that is visible to screen readers\n  aria-label attribute does not exist or is empty\n  aria-labelledby attribute does not exist, references elements that do not exist or references elements that are empty\n  Element has no title attribute",
    "fixedHtml": "<a href=\"https://www.acon.org.au?latestNews=this-worldpride-do-it-safely-and-do-it-with-love-new-acon-health-and-safety-campaign-released\" tabindex=\"0\">Link Name</a>",
    "report": "Fix: Added a title attribute and set the tabindex to 0."
  },
  {
    "id": "link-name",
    "html": "<a href=\"https://www.instagram.com/aconnsw/\">",
    "failureSummary": "Fix all of the following:\n  Element is in tab order and does not have accessible text\n\nFix any of the following:\n  Element does not have text that is visible to screen readers\n  aria-label attribute does not exist or is empty\n  aria-labelledby attribute does not exist, references elements that do not exist or references elements that are empty\n  Element has no title attribute",
    "fixedHtml": "<a href=\"https://www.instagram.com/aconnsw/\">Link Name</a>",
    "report": "Fixed all accessibility issues with the link."
  },
  {
    "id": "region",
    "html": "<div id=\"tagline\">",
    "failureSummary": "Fix any of the following:\n  Some page content is not contained by landmarks",
    "fixedHtml": "<div id=\"tagline\" aria-label=\"Tagline\">",
    "report": "Added 'aria-label' attribute to fix accessibility error."
  },
  {
    "id": "region",
    "html": "<div id=\"quick-links\">",
    "failureSummary": "Fix any of the following:\n  Some page content is not contained by landmarks",
    "fixedHtml": "<div id=\"quick-links\" role=\"navigation\">",
    "report": "Added 'role=\"navigation\"' to improve accessibility."
  },
  {
    "id": "region",
    "html": "<article class=\"post-14093 post type-post status-publish format-standard has-post-thumbnail sticky hentry category-news news\">",
    "failureSummary": "Fix any of the following:\n  Some page content is not contained by landmarks",
    "fixedHtml": "<article class=\"post-14093 post type-post status-publish format-standard has-post-thumbnail sticky hentry category-news news\">",
    "report": "Fixed missing landmark."
  },
  {
    "id": "region",
    "html": "<article class=\"post-14264 post type-post status-publish format-standard has-post-thumbnail sticky hentry category-news news\">",
    "failureSummary": "Fix any of the following:\n  Some page content is not contained by landmarks",
    "fixedHtml": "<article class=\"post-14264 post type-post status-publish format-standard has-post-thumbnail sticky hentry category-news news\">",
    "report": "Fixed missing landmark 'main'."
  },
  {
    "id": "region",
    "html": "<article class=\"post-14315 post type-post status-publish format-standard has-post-thumbnail sticky hentry category-news news\">",
    "failureSummary": "Fix any of the following:\n  Some page content is not contained by landmarks",
    "fixedHtml": "<article class=\"post-14315 post type-post status-publish format-standard has-post-thumbnail sticky hentry category-news news\">",
    "report": "Fixed - added missing landmark to region element."
  }
]