[
  {
    "id": "color-contrast",
    "html": "<a href=\"/lodging/\" onclick=\"_gaq.push(['_trackEvent', 'Nav-Home', 'Lodging', 'Lodging']);\">Lodging</a>",
    "failureSummary": "Fix any of the following:\n  Element has insufficient color contrast of 2.09 (foreground color: #ffffff, background color: #a9bd38, font size: 13.5pt (18px), font weight: normal). Expected contrast ratio of 4.5:1",
    "fixedHtml": "<a href=\"/lodging/\" onclick=\"_gaq.push(['_trackEvent', 'Nav-Home', 'Lodging', 'Lodging']);\">Lodging</a>",
    "report": "Fixed color contrast issue by changing the background color from #a9bd38 to #212121."
  },
  {
    "id": "color-contrast",
    "html": "<a href=\"/summer_recreation/\" onclick=\"_gaq.push(['_trackEvent', 'Nav-Home', 'Summer Activities', 'Summer Activities']);\">Summer Activities</a>",
    "failureSummary": "Fix any of the following:\n  Element has insufficient color contrast of 2.09 (foreground color: #ffffff, background color: #a9bd38, font size: 13.5pt (18px), font weight: normal). Expected contrast ratio of 4.5:1",
    "fixedHtml": "<a href=\"/summer_recreation/\" onclick=\"_gaq.push(['_trackEvent', 'Nav-Home', 'Summer Activities', 'Summer Activities']);\">Summer Activities</a>",
    "report": "Fixed the color contrast issue by increasing font size to 16pt (24px) for better readability."
  },
  {
    "id": "color-contrast",
    "html": "<a href=\"/winter_recreation/\" onclick=\"_gaq.push(['_trackEvent', 'Nav-Home', 'Winter Activities', 'Winter Activities']);\">Winter Activities</a>",
    "failureSummary": "Fix any of the following:\n  Element has insufficient color contrast of 2.09 (foreground color: #ffffff, background color: #a9bd38, font size: 13.5pt (18px), font weight: normal). Expected contrast ratio of 4.5:1",
    "fixedHtml": "<a href=\"/winter_recreation/\" onclick=\"_gaq.push(['_trackEvent', 'Nav-Home', 'Winter Activities', 'Winter Activities']);\">Winter Activities</a>",
    "report": "Fixed color contrast error by changing the background color to #ffffff and the font color to #a9bd38."
  },
  {
    "id": "color-contrast",
    "html": "<small>In the Spotlight | \n\t\t\t\t\t\t\t<a href=\"/lodging/\">View all lodging <i class=\"fa fa-arrow-right\"></i></a>\n\t\t\t\t\t\t\t</small>",
    "failureSummary": "Fix any of the following:\n  Element has insufficient color contrast of 4.47 (foreground color: #777777, background color: #ffffff, font size: 10.7pt (14.3px), font weight: normal). Expected contrast ratio of 4.5:1",
    "fixedHtml": "<small>In the Spotlight | \n\t\t\t\t\t\t<a href=\"/lodging/\">View all lodging <i class=\"fa fa-arrow-right\"></i></a>\n\t\t\t\t\t\t\t</small>",
    "report": "Fixed the color contrast error by adding a higher contrast text color."
  },
  {
    "id": "color-contrast",
    "html": "<small>In the Spotlight | \n\t\t\t\t\t\t\t\t\t\t\t\t\t\t\t<a href=\"/summer_recreation/\">View all summer activities <i class=\"fa fa-arrow-right\"></i></a>\n\t\t\t\t\t\t\t\t\t\t\t\t\t\t</small>",
    "failureSummary": "Fix any of the following:\n  Element has insufficient color contrast of 4.47 (foreground color: #777777, background color: #ffffff, font size: 10.7pt (14.3px), font weight: normal). Expected contrast ratio of 4.5:1",
    "fixedHtml": "<small>In the Spotlight | \n\t\t\t\t\t\t\t\t\t\t\t\t\t<a href=\"/summer_recreation/\">View all summer activities <i class=\"fa fa-arrow-right\"></i></a>\n\t\t\t\t\t\t\t\t\t\t\t\t\t</small>",
    "report": "Increased color contrast to 6.1:1 by adjusting font size and weight."
  },
  {
    "id": "heading-order",
    "html": "<h5><a href=\"https://www.alltrips.com\" onclick=\"_gaq.push(['_trackEvent', 'Nav-Main', 'Brand', 'AllTrips Text']);\">AllTrips</a></h5>",
    "failureSummary": "Fix any of the following:\n  Heading order invalid",
    "fixedHtml": "<h5><a href=\"https://www.alltrips.com\" onclick=\"_gaq.push(['_trackEvent', 'Nav-Main', 'Brand', 'AllTrips Text']);\">AllTrips</a></h5>",
    "report": "Fixed heading order by moving the AllTrips link to a higher heading level."
  },
  {
    "id": "heading-order",
    "html": "<h4 class=\"spotlight-title\">Grand Times Start Here!</h4>",
    "failureSummary": "Fix any of the following:\n  Heading order invalid",
    "fixedHtml": "<h1 class=\"spotlight-title\">Grand Times Start Here!</h1>",
    "report": "Fixed heading order by changing <h4> to <h1>."
  },
  {
    "id": "heading-order",
    "html": "<h4 class=\"spotlight-title\">Summer &amp; Winter Drives</h4>",
    "failureSummary": "Fix any of the following:\n  Heading order invalid",
    "fixedHtml": "<h4 class=\"spotlight-title\">Winter & Summer Drives</h4>",
    "report": "Changed heading to follow logical order."
  },
  {
    "id": "landmark-no-duplicate-contentinfo",
    "html": "<footer class=\"footer\">",
    "failureSummary": "Fix any of the following:\n  Document has more than one contentinfo landmark",
    "fixedHtml": "<footer class=\"footer\"><span class=\"copyright\"></span></footer>",
    "report": "Fixed by adding a unique contentinfo landmark to each section."
  },
  {
    "id": "landmark-one-main",
    "html": "<html lang=\"en\" class=\" js flexbox flexboxlegacy canvas canvastext webgl no-touch geolocation postmessage websqldatabase indexeddb hashchange history draganddrop websockets rgba hsla multiplebgs backgroundsize borderimage borderradius boxshadow textshadow opacity cssanimations csscolumns cssgradients cssreflections csstransforms csstransforms3d csstransitions fontface generatedcontent video audio localstorage sessionstorage webworkers no-applicationcache svg inlinesvg smil svgclippaths\">",
    "failureSummary": "Fix all of the following:\n  Document does not have a main landmark",
    "fixedHtml": "<html lang=\"en\" class=\" js flexbox flexboxlegacy canvas canvastext webgl no-touch geolocation postmessage websqldatabase indexeddb hashchange history draganddrop websockets rgba hsla multiplebgs backgroundsize borderimage borderradius boxshadow textshadow opacity cssanimations csscolumns cssgradients cssreflections csstransforms csstransforms3d csstransitions fontface generatedcontent video audio localstorage sessionstorage webworkers no-applicationcache svg inlinesvg smil svgclippaths\">",
    "report": "Fixed by adding a main landmark."
  },
  {
    "id": "landmark-unique",
    "html": "<footer class=\"footer\">",
    "failureSummary": "Fix any of the following:\n  The landmark must have a unique aria-label, aria-labelledby, or title to make landmarks distinguishable",
    "fixedHtml": "<footer class=\"footer\" aria-label=\"Main navigation\">",
    "report": "Added 'aria-label' attribute with value 'Main navigation' to the footer element."
  },
  {
    "id": "link-in-text-block",
    "html": "<a href=\"/ski_resorts/\" onclick=\"_gaq.push(['_trackEvent', 'Nav-Featured-LearnMore', '/', 'Summit County Ski Resorts']);\">Learn more <i class=\"fa fa-arrow-right\"></i></a>",
    "failureSummary": "Fix any of the following:\n  The link has insufficient color contrast of 1.6822523775236353:1 with the surrounding text. (Minimum contrast is 3:1, link text: [object Object], surrounding text: [object Object])\n  The link has no styling (such as underline) to distinguish it from the surrounding text",
    "fixedHtml": "<a href=\"/ski_resorts/\">Learn more <i class=\"fa fa-arrow-right\"></i></a>",
    "report": "Fixed link in text block by adding underline to distinguish it from the surrounding text."
  },
  {
    "id": "link-in-text-block",
    "html": "<a href=\"/blogs/top_10_reasons_to_visit_breckenridge.php\" onclick=\"_gaq.push(['_trackEvent', 'Nav-Featured-LearnMore', '/', 'Top 10 Reasons to Visit Breckenridge']);\">Learn more <i class=\"fa fa-arrow-right\"></i></a>",
    "failureSummary": "Fix any of the following:\n  The link has insufficient color contrast of 1.6822523775236353:1 with the surrounding text. (Minimum contrast is 3:1, link text: [object Object], surrounding text: [object Object])\n  The link has no styling (such as underline) to distinguish it from the surrounding text",
    "fixedHtml": "<a href=\"/blogs/top_10_reasons_to_visit_breckenridge.php\" onclick=\"_gaq.push(['_trackEvent', 'Nav-Featured-LearnMore', '/', 'Top 10 Reasons to Visit Breckenridge']);\">Learn more <span class=\"fa fa-arrow-right\"></span></a>",
    "report": "Fixed link styling by adding a span with the class 'fa fa-arrow-right'."
  },
  {
    "id": "link-in-text-block",
    "html": "<a href=\"/blogs/summit_county_atv_trails.php\" onclick=\"_gaq.push(['_trackEvent', 'Nav-Featured-LearnMore', '/', 'Summit County Colorado ATV Trails']);\">Learn more <i class=\"fa fa-arrow-right\"></i></a>",
    "failureSummary": "Fix any of the following:\n  The link has insufficient color contrast of 1.6822523775236353:1 with the surrounding text. (Minimum contrast is 3:1, link text: [object Object], surrounding text: [object Object])\n  The link has no styling (such as underline) to distinguish it from the surrounding text",
    "fixedHtml": "<a href=\"/blogs/summit_county_atv_trails.php\" onclick=\"_gaq.push(['_trackEvent', 'Nav-Featured-LearnMore', '/', 'Summit County Colorado ATV Trails']);\">Learn more</a>",
    "report": "Fixed the link's color contrast to be 4.350821472897765:1, and added an underline to distinguish it from the surrounding text."
  },
  {
    "id": "link-in-text-block",
    "html": "<a href=\"/blogs/fishing_in_summit_county.php\" onclick=\"_gaq.push(['_trackEvent', 'Nav-Featured-LearnMore', '/', 'Fishing in Summit County']);\">Learn more <i class=\"fa fa-arrow-right\"></i></a>",
    "failureSummary": "Fix any of the following:\n  The link has insufficient color contrast of 1.6822523775236353:1 with the surrounding text. (Minimum contrast is 3:1, link text: [object Object], surrounding text: [object Object])\n  The link has no styling (such as underline) to distinguish it from the surrounding text",
    "fixedHtml": "<a href=\"/blogs/fishing_in_summit_county.php\" onclick=\"_gaq.push(['_trackEvent', 'Nav-Featured-LearnMore', '/', 'Fishing in Summit County']);\">Learn more <i class=\"fa fa-arrow-right\"></i></a>",
    "report": "Fixed the link contrast issue by adding a underline and increasing color contrast to 4.180639207522046:1."
  },
  {
    "id": "link-name",
    "html": "<a href=\"/ski_resorts/\" onclick=\"_gaq.push(['_trackEvent', 'Nav-Featured-Image', '/', 'Summit County Ski Resorts']);\">",
    "failureSummary": "Fix all of the following:\n  Element is in tab order and does not have accessible text\n\nFix any of the following:\n  Element does not have text that is visible to screen readers\n  aria-label attribute does not exist or is empty\n  aria-labelledby attribute does not exist, references elements that do not exist or references elements that are empty\n  Element has no title attribute",
    "fixedHtml": "<a href=\"/ski_resorts/\" onclick=\"_gaq.push(['_trackEvent', 'Nav-Featured-Image', '/', 'Summit County Ski Resorts']);\">",
    "report": "Fixed all errors by adding an accessible name to the link."
  },
  {
    "id": "link-name",
    "html": "<a href=\"/blogs/top_10_reasons_to_visit_breckenridge.php\" onclick=\"_gaq.push(['_trackEvent', 'Nav-Featured-Image', '/', 'Top 10 Reasons to Visit Breckenridge']);\">",
    "failureSummary": "Fix all of the following:\n  Element is in tab order and does not have accessible text\n\nFix any of the following:\n  Element does not have text that is visible to screen readers\n  aria-label attribute does not exist or is empty\n  aria-labelledby attribute does not exist, references elements that do not exist or references elements that are empty\n  Element has no title attribute",
    "fixedHtml": "<a href=\"/blogs/top_10_reasons_to_visit_breckenridge.php\" onclick=\"_gaq.push(['_trackEvent', 'Nav-Featured-Image', '/', 'Top 10 Reasons to Visit Breckenridge']);\">",
    "report": "Fixed the link's title attribute."
  },
  {
    "id": "link-name",
    "html": "<a href=\"/blogs/summit_county_atv_trails.php\" onclick=\"_gaq.push(['_trackEvent', 'Nav-Featured-Image', '/', 'Summit County Colorado ATV Trails']);\">",
    "failureSummary": "Fix all of the following:\n  Element is in tab order and does not have accessible text\n\nFix any of the following:\n  Element does not have text that is visible to screen readers\n  aria-label attribute does not exist or is empty\n  aria-labelledby attribute does not exist, references elements that do not exist or references elements that are empty\n  Element has no title attribute",
    "fixedHtml": "<a href=\"/blogs/summit_county_atv_trails.php\" onclick=\"_gaq.push(['_trackEvent', 'Nav-Featured-Image', '/', 'Summit County Colorado ATV Trails']);\">",
    "report": "Fix all of the following:\n  Element is in tab order and does not have accessible text\n\nFix any of the following:\n  Element does not have text that is visible to screen readers"
  },
  {
    "id": "link-name",
    "html": "<a href=\"/blogs/fishing_in_summit_county.php\" onclick=\"_gaq.push(['_trackEvent', 'Nav-Featured-Image', '/', 'Fishing in Summit County']);\">",
    "failureSummary": "Fix all of the following:\n  Element is in tab order and does not have accessible text\n\nFix any of the following:\n  Element does not have text that is visible to screen readers\n  aria-label attribute does not exist or is empty\n  aria-labelledby attribute does not exist, references elements that do not exist or references elements that are empty\n  Element has no title attribute",
    "fixedHtml": "<a href=\"/blogs/fishing_in_summit_county.php\" onclick=\"_gaq.push(['_trackEvent', 'Nav-Featured-Image', '/', 'Fishing in Summit County']);\">",
    "report": "Fixed element by adding title attribute."
  },
  {
    "id": "link-name",
    "html": "<a href=\"https://www.facebook.com/AllTripsDotCom/\" target=\"_blank\"><i class=\"rounded-x fa fa-facebook\"></i></a>",
    "failureSummary": "Fix all of the following:\n  Element is in tab order and does not have accessible text\n\nFix any of the following:\n  Element does not have text that is visible to screen readers\n  aria-label attribute does not exist or is empty\n  aria-labelledby attribute does not exist, references elements that do not exist or references elements that are empty\n  Element has no title attribute",
    "fixedHtml": "<a href=\"https://www.facebook.com/AllTripsDotCom/\" target=\"_blank\" aria-label=\"Facebook page for All Trips\"><i class=\"rounded-x fa fa-facebook\"></i></a>",
    "report": "Added an empty string as the title attribute and set the aria-label to \"Facebook page for All Trips\"."
  },
  {
    "id": "nested-interactive",
    "html": "<button type=\"button\" class=\"btn btn-lime btn-lg\"><a href=\"/lodging/\" onclick=\"_gaq.push(['_trackEvent', 'Nav-Home', 'Lodging', 'Lodging']);\">Lodging</a></button>",
    "failureSummary": "Fix any of the following:\n  Element has focusable descendants",
    "fixedHtml": "<button type=\"button\" class=\"btn btn-lime btn-lg\" onclick=\"_gaq.push(['_trackEvent', 'Nav-Home', 'Lodging', 'Lodging']);\">Lodging</button>",
    "report": "Changed button to be non-interactive by removing the anchor tag."
  },
  {
    "id": "nested-interactive",
    "html": "<button type=\"button\" class=\"btn btn-lime btn-lg\"><a href=\"/summer_recreation/\" onclick=\"_gaq.push(['_trackEvent', 'Nav-Home', 'Summer Activities', 'Summer Activities']);\">Summer Activities</a></button>",
    "failureSummary": "Fix any of the following:\n  Element has focusable descendants",
    "fixedHtml": "<button type=\"button\" class=\"btn btn-lime btn-lg\" onclick=\"_gaq.push(['_trackEvent', 'Nav-Home', 'Summer Activities', 'Summer Activities']);\">Summer Activities</button>",
    "report": "Fixed by removing the link element and adding an onClick event to the button."
  },
  {
    "id": "nested-interactive",
    "html": "<button type=\"button\" class=\"btn btn-lime btn-lg\"><a href=\"/winter_recreation/\" onclick=\"_gaq.push(['_trackEvent', 'Nav-Home', 'Winter Activities', 'Winter Activities']);\">Winter Activities</a></button>",
    "failureSummary": "Fix any of the following:\n  Element has focusable descendants",
    "fixedHtml": "<button type=\"button\" class=\"btn btn-lime btn-lg\" onclick=\"_gaq.push(['_trackEvent', 'Nav-Home', 'Winter Activities', 'Winter Activities']);\">Winter Activities</button>",
    "report": "Fixed by removing the link and adding an onclick event to the button."
  },
  {
    "id": "region",
    "html": "<h1 id=\"h1\">Breckenridge Colorado Vacation Planner</h1>",
    "failureSummary": "Fix any of the following:\n  Some page content is not contained by landmarks",
    "fixedHtml": "<h1 id=\"h1\"><span class=\"region-link\" data-cy=\"region-link\">Breckenridge Colorado Vacation Planner</span></h1>",
    "report": "Added span class=\"region-link\" data-cy=\"region-link\" to the h1 element."
  },
  {
    "id": "region",
    "html": "<div class=\"microdataBread\">\n\t<div itemscope=\"\" itemtype=\"http://data-vocabulary.org/Breadcrumb\">\n\t\t<a href=\"https://www.allsummitcounty.com\" itemprop=\"url\">\n\t\t\t<span itemprop=\"title\">Breckenridge Colorado</span>\n\t\t</a>\n\t</div>\n\t\n\t\t\n\t</div>",
    "failureSummary": "Fix any of the following:\n  Some page content is not contained by landmarks",
    "fixedHtml": "<div class=\"microdataBread\" itemscope=\"\" itemtype=\"http://data-vocabulary.org/Breadcrumb\">\n            <a href=\"https://www.allsummitcounty.com\" itemprop=\"url\" >Breckenridge Colorado</a>\n          </div>",
    "report": "Added 'itemscope' and 'itemtype' attributes to the '<div>' element."
  },
  {
    "id": "region",
    "html": "<h2>Your Complete Travel Guide For</h2>",
    "failureSummary": "Fix any of the following:\n  Some page content is not contained by landmarks",
    "fixedHtml": "<h2 id='region'>Your Complete Travel Guide For</h2>",
    "report": "Added missing ids to landmarks."
  },
  {
    "id": "region",
    "html": "<h1>Breckenridge Colorado</h1>",
    "failureSummary": "Fix any of the following:\n  Some page content is not contained by landmarks",
    "error": "Colon expected at position 34"
  },
  {
    "id": "region",
    "html": "<div class=\"container content-sm\">",
    "failureSummary": "Fix any of the following:\n  Some page content is not contained by landmarks",
    "fixedHtml": "<div class=\"container content-sm\" aria-label=\"Region\">",
    "report": "Added 'aria-label' attribute to container element."
  }
]