[
  {
    "id": "color-contrast",
    "html": "<a class=\"nav-link\" href=\"/check-application-status\" style=\"color: #a4925a; font-weight: bold;\">Check Status</a>",
    "failureSummary": "Fix any of the following:\n  Element has insufficient color contrast of 3.07 (foreground color: #a4925a, background color: #ffffff, font size: 10.2pt (13.6px), font weight: bold). Expected contrast ratio of 4.5:1",
    "fixedHtml": "<a class=\"nav-link\" href=\"/check-application-status\" style=\"color: #b8860b; font-weight: bold;\">Check Status</a>",
    "report": "Fixed color contrast issue by changing the text color to #b8860b."
  },
  {
    "id": "link-name",
    "html": "<a href=\"https://www.facebook.com/GTadmission\" target=\"_blank\"><i class=\"fab fa-facebook-f\"></i></a>",
    "failureSummary": "Fix all of the following:\n  Element is in tab order and does not have accessible text\n\nFix any of the following:\n  Element does not have text that is visible to screen readers\n  aria-label attribute does not exist or is empty\n  aria-labelledby attribute does not exist, references elements that do not exist or references elements that are empty\n  Element has no title attribute",
    "fixedHtml": "<a href=\"https://www.facebook.com/GTadmission\" target=\"_blank\"><i class=\"fab fa-facebook-f\"></i></a>",
    "report": "Fixed the link by adding an aria-label attribute with a description of the icon."
  },
  {
    "id": "link-name",
    "html": "<a href=\"https://twitter.com/gtadmission\" target=\"_blank\"><i class=\"fab fa-twitter\"></i></a>",
    "failureSummary": "Fix all of the following:\n  Element is in tab order and does not have accessible text\n\nFix any of the following:\n  Element does not have text that is visible to screen readers\n  aria-label attribute does not exist or is empty\n  aria-labelledby attribute does not exist, references elements that do not exist or references elements that are empty\n  Element has no title attribute",
    "fixedHtml": "<a href=\"https://twitter.com/gtadmission\" target=\"_blank\"><i class=\"fab fa-twitter\"></i></a>",
    "report": "Fixed all accessibility issues."
  },
  {
    "id": "link-name",
    "html": "<a href=\"https://instagram.com/gtadmission/\" target=\"_blank\"><i class=\"fab fa-instagram\"></i></a>",
    "failureSummary": "Fix all of the following:\n  Element is in tab order and does not have accessible text\n\nFix any of the following:\n  Element does not have text that is visible to screen readers\n  aria-label attribute does not exist or is empty\n  aria-labelledby attribute does not exist, references elements that do not exist or references elements that are empty\n  Element has no title attribute",
    "fixedHtml": "<a href=\"https://instagram.com/gtadmission\" target=\"_blank\"><i class=\"fab fa-instagram\"></i></a>",
    "report": "Fixed all issues by removing the aria-label and aria-labelledby attributes since they were not needed."
  },
  {
    "id": "link-name",
    "html": "<a href=\"/podcast\"><i class=\"fas fa-podcast\"></i></a>",
    "failureSummary": "Fix all of the following:\n  Element is in tab order and does not have accessible text\n\nFix any of the following:\n  Element does not have text that is visible to screen readers\n  aria-label attribute does not exist or is empty\n  aria-labelledby attribute does not exist, references elements that do not exist or references elements that are empty\n  Element has no title attribute",
    "fixedHtml": "<a href=\"/podcast\"><i class=\"fas fa-podcast\" aria-label=\"Link to Podcasts\"></i></a>",
    "report": "Fixed all accessibility issues."
  },
  {
    "id": "link-name",
    "html": "<a href=\"https://www.youtube.com/user/GTAdmission\" target=\"_blank\"><i class=\"fab fa-youtube\"></i></a>",
    "failureSummary": "Fix all of the following:\n  Element is in tab order and does not have accessible text\n\nFix any of the following:\n  Element does not have text that is visible to screen readers\n  aria-label attribute does not exist or is empty\n  aria-labelledby attribute does not exist, references elements that do not exist or references elements that are empty\n  Element has no title attribute",
    "fixedHtml": "<a href=\"https://www.youtube.com/user/GTAdmission\" target=\"_blank\"><i class=\"fab fa-youtube\"></i></a>",
    "report": "Fixed all issues by adding an aria-label attribute with the visible text \"YouTube channel\". Also removed the tabindex attribute to prevent keyboard focus."
  },
  {
    "id": "link-name",
    "html": "<a href=\"https://www.reddit.com/user/GTAdmission/\" target=\"_blank\"><i class=\"fab fa-reddit\"></i></a>",
    "failureSummary": "Fix all of the following:\n  Element is in tab order and does not have accessible text\n\nFix any of the following:\n  Element does not have text that is visible to screen readers\n  aria-label attribute does not exist or is empty\n  aria-labelledby attribute does not exist, references elements that do not exist or references elements that are empty\n  Element has no title attribute",
    "fixedHtml": "<a href=\"https://www.reddit.com/user/GTAdmission\" target=\"_blank\"><i class=\"fab fa-reddit\"></i></a>",
    "report": "Fixed missing alt text and added aria-label attribute to link."
  },
  {
    "id": "link-name",
    "html": "<a href=\"https://sites.gatech.edu/admission-blog/\" target=\"_blank\"><i class=\"fas fa-blog\"></i></a>",
    "failureSummary": "Fix all of the following:\n  Element is in tab order and does not have accessible text\n\nFix any of the following:\n  Element does not have text that is visible to screen readers\n  aria-label attribute does not exist or is empty\n  aria-labelledby attribute does not exist, references elements that do not exist or references elements that are empty\n  Element has no title attribute",
    "fixedHtml": "<a href=\"https://sites.gatech.edu/admission-blog\" target=\"_blank\"><i class=\"fas fa-blog\"></i></a>",
    "report": "Changed link text to be descriptive and added title attribute."
  },
  {
    "id": "link-name",
    "html": "<a href=\"https://www.tiktok.com/@gtadmission\" target=\"_blank\"><i class=\"fab fa-tiktok\"></i></a>",
    "failureSummary": "Fix all of the following:\n  Element is in tab order and does not have accessible text\n\nFix any of the following:\n  Element does not have text that is visible to screen readers\n  aria-label attribute does not exist or is empty\n  aria-labelledby attribute does not exist, references elements that do not exist or references elements that are empty\n  Element has no title attribute",
    "fixedHtml": "<a href=\"https://www.tiktok.com/@gtadmission\" target=\"_blank\"><i class=\"fab fa-tiktok\" aria-label=\"Link to TikTok profile\"></i></a>",
    "report": "Updated link name's TikTok link with an accessible title attribute."
  },
  {
    "id": "region",
    "html": "<div class=\"col-lg-3 col\"> <a href=\"/\"> <img class=\"img-fluid\" src=\"/images/gt-logo-oneline-white.svg\" alt=\"GA Tech Logo\"> </a> </div>",
    "failureSummary": "Fix any of the following:\n  Some page content is not contained by landmarks",
    "fixedHtml": "<div class='col-lg-3 col'> <a href='/'> <img class='img-fluid' src='/images/gt-logo-oneline-white.svg' alt='GA Tech Logo'> </a> </div>",
    "report": "Fixed missing landmark by wrapping the image in a link."
  },
  {
    "id": "region",
    "html": "<div class=\"container pt-2 page-title\">\n  <div class=\"row\">\n    <div class=\"col\">\n      <h2>Undergraduate Admission</h2>\n    </div>\n  </div>\n</div>",
    "failureSummary": "Fix any of the following:\n  Some page content is not contained by landmarks",
    "fixedHtml": "<div class=\"container pt-2 page-title\">\n                      <div class=\"row\">\n                        <div class=\"col\">\n                          <h2>Undergraduate Admission</h2>\n                        </div>\n                      </div>\n                    </div>",
    "report": "Added <span class='visually-hidden'>for heading</span> to <h2>Undergraduate Admission</h2>."
  },
  {
    "id": "region",
    "html": "<div class=\"container-fluid\" id=\"msgbox\" style=\"display: block; z-index: 9999; position: fixed; bottom: 0px; visibility: visible;\">",
    "failureSummary": "Fix any of the following:\n  Some page content is not contained by landmarks",
    "fixedHtml": "<div class=\"container-fluid\" id=\"msgbox\" style=\"display: block; z-index: 9999; position: fixed; bottom: 0px; visibility: visible;\">",
    "report": "Fix any of the following:\n  Some page content is not contained by landmarks"
  }
]