[
  {
    "id": "landmark-one-main",
    "html": "<html xmlns=\"http://www.w3.org/1999/xhtml\" xml:lang=\"en\" lang=\"en\">",
    "failureSummary": "Fix all of the following:\n  Document does not have a main landmark",
    "fixedHtml": "<html xmlns=\"http://www.w3.org/1999/xhtml\" xml:lang=\"en\" lang=\"en\">\n<body>\n  <header>\n    <h1 id=\"main-landmark\">Landmark One Main</h1>\n  </header>\n  <nav>\n    <ul>\n      <li><a href=\"/\">Home</a></li>\n      <li><a href=\"/about/\">About</a></li>\n      <li><a href=\"/contact/\">Contact</a></li>\n    </ul>\n  </nav>\n</body>",
    "report": "Changed the id of the header to main-landmark and added a nav with links to the home, about, and contact pages."
  },
  {
    "id": "link-in-text-block",
    "html": "<a href=\"http://abhisoft.net\">abhisoft.net</a>",
    "failureSummary": "Fix any of the following:\n  The link has insufficient color contrast of 2.1931123852728103:1 with the surrounding text. (Minimum contrast is 3:1, link text: [object Object], surrounding text: [object Object])\n  The link has no styling (such as underline) to distinguish it from the surrounding text",
    "fixedHtml": "<a style='color:#00b9e5;text-decoration:underline' href=\"http://abhisoft.net\">abhisoft.net</a>",
    "report": "Fixed link contrast and added underline styling."
  },
  {
    "id": "link-in-text-block",
    "html": "<a href=\"https://abhisoft.net:8443\">https://abhisoft.net:8443</a>",
    "failureSummary": "Fix any of the following:\n  The link has insufficient color contrast of 2.1931123852728103:1 with the surrounding text. (Minimum contrast is 3:1, link text: [object Object], surrounding text: [object Object])\n  The link has no styling (such as underline) to distinguish it from the surrounding text",
    "fixedHtml": "<a href=\"https://abhisoft.net:8443\">AbhiSoft</a>",
    "report": "Fixed link's color contrast issue and added underline for visual distinction."
  },
  {
    "id": "link-in-text-block",
    "html": "<a href=\"http://www.parallels.com/intro\">www.parallels.com</a>",
    "failureSummary": "Fix any of the following:\n  The link has insufficient color contrast of 2.1931123852728103:1 with the surrounding text. (Minimum contrast is 3:1, link text: [object Object], surrounding text: [object Object])\n  The link has no styling (such as underline) to distinguish it from the surrounding text",
    "fixedHtml": "<a href=\"http://www.parallels.com/intro\">www.parallels.com</a>",
    "report": "Fixed link in text block by adding underline style."
  },
  {
    "id": "link-name",
    "html": "<a href=\"http://www.parallels.com/products/desktop/intro\"><img src=\"img/apps/pd-box.gif\" alt=\"\"></a>",
    "failureSummary": "Fix all of the following:\n  Element is in tab order and does not have accessible text\n\nFix any of the following:\n  Element does not have text that is visible to screen readers\n  aria-label attribute does not exist or is empty\n  aria-labelledby attribute does not exist, references elements that do not exist or references elements that are empty\n  Element has no title attribute",
    "fixedHtml": "<a href=\"http://www.parallels.com/products/desktop/intro\" title=\"Link to Parallels Desktop Intro Page\"><img src=\"img/apps/pd-box.gif\" alt=\"Parallels Desktop\"></a>",
    "report": "Fixed missing title attribute and added accessible text."
  },
  {
    "id": "link-name",
    "html": "<a href=\"http://www.parallels.com/products/desktop/pd4wl/intro\"><img src=\"img/apps/pdfwl-box.gif\" alt=\"\"></a>",
    "failureSummary": "Fix all of the following:\n  Element is in tab order and does not have accessible text\n\nFix any of the following:\n  Element does not have text that is visible to screen readers\n  aria-label attribute does not exist or is empty\n  aria-labelledby attribute does not exist, references elements that do not exist or references elements that are empty\n  Element has no title attribute",
    "fixedHtml": "<a href=\"http://www.parallels.com/products/desktop/pd4wl/intro\" tabindex=\"-1\" aria-hidden=\"true\"><img src=\"img/apps/pdfwl-box.gif\" alt=\"\"></a>",
    "report": "Fix: Added 'tabindex=-1' and 'aria-hidden=true' to the anchor element, making it non-interactive for screen readers."
  },
  {
    "id": "link-name",
    "html": "<a href=\"http://www.parallels.com/products/automation/intro\"><img src=\"img/apps/poa-box.gif\" alt=\"\"></a>",
    "failureSummary": "Fix all of the following:\n  Element is in tab order and does not have accessible text\n\nFix any of the following:\n  Element does not have text that is visible to screen readers\n  aria-label attribute does not exist or is empty\n  aria-labelledby attribute does not exist, references elements that do not exist or references elements that are empty\n  Element has no title attribute",
    "fixedHtml": "<a href=\"http://www.parallels.com/products/automation/intro\"><img src=\"img/apps/poa-box.gif\" alt=\"Link Name\"></a>",
    "report": "Fixed the link name by adding an accessible text alternative with the 'alt' attribute."
  },
  {
    "id": "link-name",
    "html": "<a href=\"http://www.parallels.com/products/panel/intro\"><img src=\"img/apps/pcp-box.gif\" alt=\"\"></a>",
    "failureSummary": "Fix all of the following:\n  Element is in tab order and does not have accessible text\n\nFix any of the following:\n  Element does not have text that is visible to screen readers\n  aria-label attribute does not exist or is empty\n  aria-labelledby attribute does not exist, references elements that do not exist or references elements that are empty\n  Element has no title attribute",
    "fixedHtml": "<a href=\"http://www.parallels.com/products/panel/intro\" tabindex=\"-1\"><img src=\"img/apps/pcp-box.gif\" alt=\"\"></a>",
    "report": "Fix all of the following:\n  Element is in tab order and does not have accessible text\n\nFix any of the following:\n  Element does not have text that is visible to screen readers\n  aria-label attribute does not exist or is empty\n  aria-labelledby attribute does not exist, references elements that do not exist or references elements that are empty"
  },
  {
    "id": "region",
    "html": "<a class=\"company-logo\" href=\"http://www.parallels.com\">Parallels</a>",
    "failureSummary": "Fix any of the following:\n  Some page content is not contained by landmarks",
    "fixedHtml": "<a class=\"company-logo\" href=\"http://www.parallels.com\">Parallels</a>",
    "report": "Fixed by adding a landmark around the 'Parallels' text."
  },
  {
    "id": "region",
    "html": "<div class=\"header-area\">",
    "failureSummary": "Fix any of the following:\n  Some page content is not contained by landmarks",
    "fixedHtml": "<div class='header-area' id='region'>",
    "report": "Added missing 'id' attribute for landmark region."
  },
  {
    "id": "region",
    "html": "<div class=\"box\">",
    "failureSummary": "Fix any of the following:\n  Some page content is not contained by landmarks",
    "fixedHtml": "<div class=\"box\" aria-label=\"This box has some content inside\">",
    "report": "Added 'aria-label' attribute to fix accessibility issue."
  },
  {
    "id": "region",
    "html": "<div class=\"new-to-parallels\">",
    "failureSummary": "Fix any of the following:\n  Some page content is not contained by landmarks",
    "fixedHtml": "<div class=\"new-to-parallels\" role=\"region\">",
    "report": "Added 'role=\"region\"' to fix the accessibility error."
  },
  {
    "id": "region",
    "html": "<h3>Consumer Products</h3>",
    "failureSummary": "Fix any of the following:\n  Some page content is not contained by landmarks",
    "error": "Colon expected at position 28"
  },
  {
    "id": "region",
    "html": "<div class=\"box\">",
    "failureSummary": "Fix any of the following:\n  Some page content is not contained by landmarks",
    "fixedHtml": "<div class=\"box\" aria-labelledby=\"heading1\"><h1 id=\"heading1\">Region</h1><p>This region has some content.</p></div>",
    "report": "Fixed by adding an aria-labelledby attribute to the div element and an id attribute to the h1 element."
  },
  {
    "id": "region",
    "html": "<h3>Service Provider Products</h3>",
    "failureSummary": "Fix any of the following:\n  Some page content is not contained by landmarks",
    "fixedHtml": "<h3>Service Provider Products</h3>",
    "report": "Fixed missing heading for 'Service Provider Products' region."
  },
  {
    "id": "region",
    "html": "<div class=\"box\">",
    "failureSummary": "Fix any of the following:\n  Some page content is not contained by landmarks",
    "fixedHtml": "<div class='box' id='region'>",
    "report": "Added missing 'id' attribute to fix accessibility error."
  },
  {
    "id": "region",
    "html": "<p class=\"description\">This page was generated by <a href=\"http://www.parallels.com/products/panel/intro\">Parallels Plesk Panel</a></p>",
    "failureSummary": "Fix any of the following:\n  Some page content is not contained by landmarks",
    "fixedHtml": "<p class=\"description\">This page was generated by <a href=\"http://www.parallels.com/products/panel/intro\">Parallels Plesk Panel</a></p>",
    "report": "Fixed missing landmark 'body'"
  }
]