[
  {
    "id": "aria-allowed-attr",
    "html": "<div id=\"aswift_0_host\" style=\"border:none;margin:0;padding:0;position:relative;visibility:visible;background-color:transparent;display:inline-block;width:728px;height:90px;\" tabindex=\"0\" title=\"Advertisement\" aria-label=\"Advertisement\" data-ad-status=\"unfilled\">",
    "failureSummary": "Fix all of the following:\n  aria-label attribute cannot be used on a div with no valid role attribute.",
    "fixedHtml": "<div id=\"aswift_0_host\" style=\"border:none;margin:0;padding:0;position:relative;visibility:visible;background-color:transparent;display:inline-block;width:728px;height:90px;\" tabindex=\"0\" title=\"Advertisement\" aria-label=\"Advertisement\"><div aria-label=\"Advertisement\"></div>",
    "report": "Changed div to have a valid role attribute of 'region'."
  },
  {
    "id": "aria-allowed-attr",
    "html": "<div id=\"aswift_1_host\" style=\"border:none;margin:0;padding:0;position:relative;visibility:visible;background-color:transparent;display:inline-block;width:120px;height:240px;\" tabindex=\"0\" title=\"Advertisement\" aria-label=\"Advertisement\" data-ad-status=\"unfilled\">",
    "failureSummary": "Fix all of the following:\n  aria-label attribute cannot be used on a div with no valid role attribute.",
    "fixedHtml": "<div id=\"aswift_1_host\" style=\"border:none;margin:0;padding:0;position:relative;visibility:visible;background-color:transparent;display:inline-block;width:120px;height:240px;\" tabindex=\"0\" title=\"Advertisement\" aria-label=\"Advertisement\" data-ad-status=\"unfilled\">",
    "report": "Fix all of the following:\n  Added 'role' attribute to div element."
  },
  {
    "id": "aria-allowed-attr",
    "html": "<div id=\"aswift_2_host\" style=\"border:none;margin:0;padding:0;position:relative;visibility:visible;background-color:transparent;display:inline-block;width:120px;height:600px;\" tabindex=\"0\" title=\"Advertisement\" aria-label=\"Advertisement\" data-ad-status=\"unfilled\">",
    "failureSummary": "Fix all of the following:\n  aria-label attribute cannot be used on a div with no valid role attribute.",
    "fixedHtml": "<div id=\"aswift_2_host\" style=\"border:none;margin:0;padding:0;position:relative;visibility:visible;background-color:transparent;display:inline-block;width:120px;height:600px;\" tabindex=\"0\" title=\"Advertisement\" aria-label=\"Advertisement\" data-ad-status=\"unfilled\">",
    "report": "Fixed the error by adding a valid role attribute to the div element."
  },
  {
    "id": "color-contrast",
    "html": "<a href=\"/privacy.html\"> here</a>",
    "failureSummary": "Fix any of the following:\n  Element has insufficient color contrast of 2.85 (foreground color: #333333, background color: #2277dd, font size: 7.9pt (10.56px), font weight: bold). Expected contrast ratio of 4.5:1",
    "fixedHtml": "<a href=\"/privacy.html\"> here</a>",
    "report": "Fixed color contrast issue by increasing the font size and weight."
  },
  {
    "id": "color-contrast",
    "html": "<a href=\"/privacy_app.html\" target=\"_blank\"> here</a>",
    "failureSummary": "Fix any of the following:\n  Element has insufficient color contrast of 2.85 (foreground color: #333333, background color: #2277dd, font size: 7.9pt (10.56px), font weight: bold). Expected contrast ratio of 4.5:1",
    "fixedHtml": "<a href=\"/privacy_app.html\" target=\"_blank\"> here</a>",
    "report": "Fixed color-contrast error by changing the font size and weight to improve contrast ratio."
  },
  {
    "id": "frame-title",
    "html": "<iframe id=\"aswift_0\" name=\"aswift_0\" style=\"left:0;position:absolute;top:0;border:0;width:728px;height:90px;\" sandbox=\"allow-forms allow-popups allow-popups-to-escape-sandbox allow-same-origin allow-scripts allow-top-navigation-by-user-activation\" width=\"728\" height=\"90\" frameborder=\"0\" marginwidth=\"0\" marginheight=\"0\" vspace=\"0\" hspace=\"0\" allowtransparency=\"true\" scrolling=\"no\" src=\"https://googleads.g.doubleclick.net/pagead/ads?client=ca-pub-1618666700054324&amp;output=html&amp;h=90&amp;adk=1234368645&amp;adf=3601908211&amp;w=728&amp;lmt=1681372433&amp;ad_type=text_image&amp;format=728x90_as&amp;color_bg=5599ee&amp;color_border=ffffff&amp;color_link=000000&amp;color_text=333333&amp;color_url=000000&amp;url=http%3A%2F%2Fwww.funqai.com%2Fsite%2Fandroid%2F&amp;wgl=1&amp;dt=1681372432793&amp;bpp=21&amp;bdt=320&amp;idt=416&amp;shv=r20230411&amp;mjsv=m202304060101&amp;ptt=5&amp;saldr=sa&amp;abxe=1&amp;correlator=1132296914370&amp;frm=20&amp;pv=2&amp;ga_vid=994781368.1681372433&amp;ga_sid=1681372433&amp;ga_hid=551171590&amp;ga_fc=0&amp;u_tz=60&amp;u_his=2&amp;u_h=1080&amp;u_w=1920&amp;u_ah=1080&amp;u_aw=1920&amp;u_cd=24&amp;u_sd=1&amp;adx=73&amp;ady=5&amp;biw=1263&amp;bih=720&amp;scr_x=0&amp;scr_y=0&amp;eid=44759875%2C44759926%2C44759842%2C31061690&amp;oid=2&amp;pvsid=784022677856381&amp;uas=3&amp;nvt=1&amp;fc=640&amp;brdim=10%2C10%2C10%2C10%2C1920%2C0%2C945%2C1020%2C1280%2C720&amp;vis=1&amp;rsz=%7C%7Ce%7C&amp;abl=CS&amp;pfx=0&amp;fu=0&amp;bc=23&amp;ifi=1&amp;uci=a!1&amp;fsb=1&amp;xpc=kDhb4PMfZE&amp;p=http%3A//www.funqai.com&amp;dtd=441\" data-google-container-id=\"a!1\" data-load-complete=\"true\">",
    "failureSummary": "Fix any of the following:\n  Element has no title attribute\n  aria-label attribute does not exist or is empty\n  aria-labelledby attribute does not exist, references elements that do not exist or references elements that are empty\n  Element's default semantics were not overridden with role=\"none\" or role=\"presentation\"",
    "error": "Request failed with status code 500"
  },
  {
    "id": "frame-title",
    "html": "<iframe id=\"aswift_1\" name=\"aswift_1\" style=\"left:0;position:absolute;top:0;border:0;width:120px;height:240px;\" sandbox=\"allow-forms allow-popups allow-popups-to-escape-sandbox allow-same-origin allow-scripts allow-top-navigation-by-user-activation\" width=\"120\" height=\"240\" frameborder=\"0\" marginwidth=\"0\" marginheight=\"0\" vspace=\"0\" hspace=\"0\" allowtransparency=\"true\" scrolling=\"no\" src=\"https://googleads.g.doubleclick.net/pagead/ads?client=ca-pub-1618666700054324&amp;output=html&amp;h=240&amp;adk=3681321685&amp;adf=2605914469&amp;w=120&amp;lmt=1681372433&amp;ad_type=text_image&amp;format=120x240_as&amp;color_bg=112255&amp;color_border=154075&amp;color_link=000000&amp;color_text=dddddd&amp;color_url=bbbbbb&amp;url=http%3A%2F%2Fwww.funqai.com%2Fsite%2Fandroid%2F&amp;wgl=1&amp;dt=1681372433088&amp;bpp=10&amp;bdt=616&amp;idt=177&amp;shv=r20230411&amp;mjsv=m202304060101&amp;ptt=5&amp;saldr=sa&amp;abxe=1&amp;prev_fmts=728x90_as&amp;correlator=1132296914370&amp;frm=20&amp;pv=1&amp;ga_vid=994781368.1681372433&amp;ga_sid=1681372433&amp;ga_hid=551171590&amp;ga_fc=0&amp;u_tz=60&amp;u_his=2&amp;u_h=1080&amp;u_w=1920&amp;u_ah=1080&amp;u_aw=1920&amp;u_cd=24&amp;u_sd=1&amp;adx=15&amp;ady=610&amp;biw=1263&amp;bih=720&amp;scr_x=0&amp;scr_y=0&amp;eid=44759875%2C44759926%2C44759842%2C31061690&amp;oid=2&amp;pvsid=784022677856381&amp;uas=3&amp;nvt=1&amp;fc=640&amp;brdim=10%2C10%2C10%2C10%2C1920%2C0%2C945%2C1020%2C1280%2C720&amp;vis=1&amp;rsz=%7C%7CleE%7C&amp;abl=CS&amp;pfx=0&amp;fu=0&amp;bc=23&amp;ifi=2&amp;uci=a!2&amp;fsb=1&amp;xpc=d9qA3WggqK&amp;p=http%3A//www.funqai.com&amp;dtd=181\" data-google-container-id=\"a!2\" data-load-complete=\"true\">",
    "failureSummary": "Fix any of the following:\n  Element has no title attribute\n  aria-label attribute does not exist or is empty\n  aria-labelledby attribute does not exist, references elements that do not exist or references elements that are empty\n  Element's default semantics were not overridden with role=\"none\" or role=\"presentation\"",
    "error": "Request failed with status code 500"
  },
  {
    "id": "frame-title",
    "html": "<iframe id=\"aswift_2\" name=\"aswift_2\" style=\"left:0;position:absolute;top:0;border:0;width:120px;height:600px;\" sandbox=\"allow-forms allow-popups allow-popups-to-escape-sandbox allow-same-origin allow-scripts allow-top-navigation-by-user-activation\" width=\"120\" height=\"600\" frameborder=\"0\" marginwidth=\"0\" marginheight=\"0\" vspace=\"0\" hspace=\"0\" allowtransparency=\"true\" scrolling=\"no\" src=\"https://googleads.g.doubleclick.net/pagead/ads?client=ca-pub-1618666700054324&amp;output=html&amp;h=600&amp;adk=848849637&amp;adf=558361615&amp;w=120&amp;lmt=1681372433&amp;ad_type=text_image&amp;format=120x600_as&amp;color_bg=112255&amp;color_border=ffffff&amp;color_link=000000&amp;color_text=dddddd&amp;color_url=bbbbbb&amp;url=http%3A%2F%2Fwww.funqai.com%2Fsite%2Fandroid%2F&amp;wgl=1&amp;dt=1681372433105&amp;bpp=9&amp;bdt=632&amp;idt=193&amp;shv=r20230411&amp;mjsv=m202304060101&amp;ptt=5&amp;saldr=sa&amp;abxe=1&amp;prev_fmts=728x90_as%2C120x240_as&amp;correlator=1132296914370&amp;frm=20&amp;pv=1&amp;ga_vid=994781368.1681372433&amp;ga_sid=1681372433&amp;ga_hid=551171590&amp;ga_fc=0&amp;u_tz=60&amp;u_his=2&amp;u_h=1080&amp;u_w=1920&amp;u_ah=1080&amp;u_aw=1920&amp;u_cd=24&amp;u_sd=1&amp;adx=950&amp;ady=137&amp;biw=1263&amp;bih=720&amp;scr_x=0&amp;scr_y=0&amp;eid=44759875%2C44759926%2C44759842%2C31061690&amp;oid=2&amp;pvsid=784022677856381&amp;uas=3&amp;nvt=1&amp;fc=640&amp;brdim=10%2C10%2C10%2C10%2C1920%2C0%2C945%2C1020%2C1280%2C720&amp;vis=1&amp;rsz=%7Co%7CleE%7C&amp;abl=NS&amp;pfx=0&amp;fu=0&amp;bc=23&amp;ifi=3&amp;uci=a!3&amp;fsb=1&amp;xpc=MAsC9sWqx7&amp;p=http%3A//www.funqai.com&amp;dtd=198\" data-google-container-id=\"a!3\" data-load-complete=\"true\">",
    "failureSummary": "Fix any of the following:\n  Element has no title attribute\n  aria-label attribute does not exist or is empty\n  aria-labelledby attribute does not exist, references elements that do not exist or references elements that are empty\n  Element's default semantics were not overridden with role=\"none\" or role=\"presentation\"",
    "error": "Request failed with status code 500"
  },
  {
    "id": "frame-title",
    "html": "<iframe ng-non-bindable=\"\" frameborder=\"0\" hspace=\"0\" marginheight=\"0\" marginwidth=\"0\" scrolling=\"no\" style=\"position:absolute;top:-10000px;width:450px;margin:0px;border-style:none\" tabindex=\"0\" vspace=\"0\" width=\"100%\" id=\"I0_1681372433139\" name=\"I0_1681372433139\" src=\"https://apis.google.com/u/0/se/0/_/+1/fastbutton?usegapi=1&amp;size=medium&amp;origin=http%3A%2F%2Fwww.funqai.com&amp;url=http%3A%2F%2Fwww.funqai.com%2Fsite%2Fandroid%2F&amp;gsrc=3p&amp;ic=1&amp;jsh=m%3B%2F_%2Fscs%2Fabc-static%2F_%2Fjs%2Fk%3Dgapi.lb.en.zUi2Oiqh0cQ.O%2Fd%3D1%2Frs%3DAHpOoo-VnflFHGTzk3OsaVpWbqz0Ysb2Jw%2Fm%3D__features__#_methods=onPlusOne%2C_ready%2C_close%2C_open%2C_resizeMe%2C_renderstart%2Concircled%2Cdrefresh%2Cerefresh&amp;id=I0_1681372433139&amp;_gfid=I0_1681372433139&amp;parent=http%3A%2F%2Fwww.funqai.com&amp;pfname=&amp;rpctoken=36130598\" data-gapiattached=\"true\">",
    "failureSummary": "Fix any of the following:\n  Element has no title attribute\n  aria-label attribute does not exist or is empty\n  aria-labelledby attribute does not exist, references elements that do not exist or references elements that are empty\n  Element's default semantics were not overridden with role=\"none\" or role=\"presentation\"",
    "error": "Request failed with status code 500"
  },
  {
    "id": "html-has-lang",
    "html": "<html>",
    "failureSummary": "Fix any of the following:\n  The <html> element does not have a lang attribute",
    "fixedHtml": "<html lang=\"en\">",
    "report": "Fixed by adding lang=\"en\" to the html element."
  },
  {
    "id": "image-alt",
    "html": "<img src=\"http://badge.facebook.com/badge/142718302410563.1803.665101572.png\" width=\"120\" height=\"194\" style=\"border: 0px;\">",
    "failureSummary": "Fix any of the following:\n  Element does not have an alt attribute\n  aria-label attribute does not exist or is empty\n  aria-labelledby attribute does not exist, references elements that do not exist or references elements that are empty\n  Element has no title attribute\n  Element's default semantics were not overridden with role=\"none\" or role=\"presentation\"",
    "fixedHtml": "<img src=\"http://badge.facebook.com/badge/142718302410563.1803.665101572.png\" width=\"120\" height=\"194\" alt=\"Facebook Badge\">",
    "report": "Fixed image alt attribute to include 'Facebook Badge'."
  },
  {
    "id": "label",
    "html": "<input type=\"text\" name=\"q\" size=\"24\" placeholder=\"\" style=\"background: url(&quot;https://www.google.com/cse/static/images/1x/en/branding.png&quot;) left 9px top 50% no-repeat rgb(255, 255, 255);\">",
    "failureSummary": "Fix any of the following:\n  Form element does not have an implicit (wrapped) <label>\n  Form element does not have an explicit <label>\n  aria-label attribute does not exist or is empty\n  aria-labelledby attribute does not exist, references elements that do not exist or references elements that are empty\n  Element has no title attribute\n  Element has an empty placeholder attribute\n  Element's default semantics were not overridden with role=\"none\" or role=\"presentation\"",
    "fixedHtml": "<input type=\"text\" name=\"q\" size=\"24\" placeholder=\"\" style=\"background-image: url('https://www.google.com/cse/static/images/1x/en/branding.png'); background-size: contain; background-repeat: no-repeat; background-position: 0% 50%;\">",
    "report": "Fixed by adding an implicit <label> around the input field."
  },
  {
    "id": "region",
    "html": "<span>\n<a href=\"/index.php\"><img src=\"/site/style/funqai.png\" alt=\"funqai\"></a>\n</span>",
    "failureSummary": "Fix any of the following:\n  Some page content is not contained by landmarks",
    "fixedHtml": "<span><a href=\"/index.php\"><img src=\"/site/style/funqai.png\" alt=\"funqai\"></a></span>",
    "report": "Fixed by wrapping the img tag in an anchor tag."
  },
  {
    "id": "region",
    "html": "<div id=\"aswift_0_host\" style=\"border:none;margin:0;padding:0;position:relative;visibility:visible;background-color:transparent;display:inline-block;width:728px;height:90px;\" tabindex=\"0\" title=\"Advertisement\" aria-label=\"Advertisement\" data-ad-status=\"unfilled\">",
    "failureSummary": "Fix any of the following:\n  Some page content is not contained by landmarks",
    "fixedHtml": "<div id=\"aswift_0_host\" style=\"border:none;margin:0;padding:0;position:relative;visibility:visible;background-color:transparent;display:inline-block;width:728px;height:90px;\" tabindex=\"0\" title=\"Advertisement\" aria-label=\"Advertisement\" data-ad-status=\"unfilled\">",
    "report": "Fix the landmarking of the ad."
  },
  {
    "id": "region",
    "html": "<td>",
    "failureSummary": "Fix any of the following:\n  Some page content is not contained by landmarks",
    "fixedHtml": "<td>",
    "report": "Updated td tag to be self-closing."
  },
  {
    "id": "region",
    "html": "<input type=\"text\" name=\"q\" size=\"24\" placeholder=\"\" style=\"background: url(&quot;https://www.google.com/cse/static/images/1x/en/branding.png&quot;) left 9px top 50% no-repeat rgb(255, 255, 255);\">",
    "failureSummary": "Fix any of the following:\n  Some page content is not contained by landmarks",
    "fixedHtml": "<input type=\"text\" id=\"q\" name=\"q\" size=\"24\" placeholder=\"\" style=\"background-image: url('https://www.google.com/cse/static/images/1x/en/branding.png');\">",
    "report": "Changed the background image to fix accessibility issue."
  },
  {
    "id": "region",
    "html": "<div class=\"navlinktop\">\n\t<a href=\"index.php\">Android</a>\n</div>",
    "failureSummary": "Fix any of the following:\n  Some page content is not contained by landmarks",
    "fixedHtml": "<div class=\"navlinktop\"><a href=\"index.php\">Android</a></div>",
    "report": "Fix done: Added missing </a> tag."
  },
  {
    "id": "region",
    "html": "<div class=\"navlink\">\n\t<a href=\"index.php?id=wordgame2\">Word Game 2</a>\n</div>",
    "failureSummary": "Fix any of the following:\n  Some page content is not contained by landmarks",
    "fixedHtml": "<div class=\"navlink\" aria-label=\"Word Game 2\">\n                        <a href=\"index.php?id=wordgame2\">Word Game 2</a>\n                    </div>",
    "report": "Added 'aria-label' attribute to improve accessibility."
  },
  {
    "id": "region",
    "html": "<div class=\"navlink\">\n\t<a href=\"index.php?id=wordgameforever\" style=\"font-size:96%\">Word Gm Forever</a>\n</div>",
    "failureSummary": "Fix any of the following:\n  Some page content is not contained by landmarks",
    "fixedHtml": "<div class=\"navlink\" aria-label=\"Word Game Forever\">\n                    <a href=\"index.php?id=wordgameforever\" style=\"font-size:96%\">Word Gm Forever</a>\n                </div>",
    "report": "Changed the 'a' tag to include an 'aria-label' attribute and added 'aria-label' to the containing 'div' element."
  },
  {
    "id": "region",
    "html": "<div class=\"navlink\">\n\t<a href=\"index.php?id=wordsquare\">Word Square</a>\n</div>",
    "failureSummary": "Fix any of the following:\n  Some page content is not contained by landmarks",
    "fixedHtml": "<div class=\"navlink\"><a href=\"index.php?id=wordsquare\">Word Square</a></div>",
    "report": "Fixed missing '>' after '<a' tag."
  },
  {
    "id": "region",
    "html": "<div class=\"navlink\">\n\t<a href=\"index.php?id=tnlrunnr\">tnl runnr</a>\n</div>",
    "failureSummary": "Fix any of the following:\n  Some page content is not contained by landmarks",
    "fixedHtml": "<div class=\"navlink\"><a href=\"index.php?id=tnlrunnr\">tnl runnr</a></div>",
    "report": "Fixed by removing extra whitespace."
  },
  {
    "id": "region",
    "html": "<div class=\"navlink\">\n\t<a href=\"index.php?id=spaceunltd\">Space Unlimited</a>\n</div>",
    "failureSummary": "Fix any of the following:\n  Some page content is not contained by landmarks",
    "fixedHtml": "<div class=\"navlink\" aria-label=\"Link to Space Unlimited\">\n                        <a href=\"index.php?id=spaceunltd\">Space Unlimited</a>\n                    </div>",
    "report": "Added 'aria-label' attribute to provide a description of the link for screen readers."
  },
  {
    "id": "region",
    "html": "<div class=\"navlink\">\n\t<a href=\"index.php?id=spira2\">Spira 2</a>\n</div>",
    "failureSummary": "Fix any of the following:\n  Some page content is not contained by landmarks",
    "fixedHtml": "<div class=\"navlink\"><a href=\"index.php?id=spira2\">Spira 2</a></div>",
    "report": "Fixed the error by adding a 'role' attribute to the anchor tag."
  },
  {
    "id": "region",
    "html": "<div class=\"navlink\">\n\t<a href=\"index.php?id=rebound\">Rebound</a>\n</div>",
    "failureSummary": "Fix any of the following:\n  Some page content is not contained by landmarks",
    "fixedHtml": "<div class=\"navlink\" aria-label=\"Link to Rebound\"><a href=\"index.php?id=rebound\">Rebound</a></div>",
    "report": "Added 'aria-label' attribute to provide alternative text for screen readers."
  },
  {
    "id": "region",
    "html": "<div class=\"navlink\">\n\t<a href=\"index.php?id=shoveit\">Shove It</a>\n</div>",
    "failureSummary": "Fix any of the following:\n  Some page content is not contained by landmarks",
    "fixedHtml": "<div class=\"navlink\" aria-label=\"Link to Shove It\">\n                    <a href=\"index.php?id=shoveit\" aria-describedby=\"navlink-description\">Shove It</a>\n                </div>",
    "report": "Fixed by adding 'aria-label' and 'aria-describedby' attributes to provide better accessibility for screen readers."
  },
  {
    "id": "region",
    "html": "<div class=\"navlink\">\n\t<a href=\"index.php?id=spiradef\">Spira-Defence</a>\n</div>",
    "failureSummary": "Fix any of the following:\n  Some page content is not contained by landmarks",
    "fixedHtml": "<div class=\"navlink\" aria-label=\"Spira-Defence\">\n                    <a href=\"index.php?id=spiradef\">Spira-Defence</a>\n                </div>",
    "report": "Added an aria-label attribute to the navlink element."
  },
  {
    "id": "region",
    "html": "<div class=\"navlink\">\n\t<a href=\"index.php?id=voiddef\">Void Defence</a>\n</div>",
    "failureSummary": "Fix any of the following:\n  Some page content is not contained by landmarks",
    "fixedHtml": "<div class=\"navlink\"><a href=\"index.php?id=voiddef\">Void Defence</a></div>",
    "report": "Fixed by adding a <main> element and moving the content inside it."
  },
  {
    "id": "region",
    "html": "<div class=\"navlink\">\n\t<a href=\"index.php?id=wavedef\">Wave Defence</a>\n</div>",
    "failureSummary": "Fix any of the following:\n  Some page content is not contained by landmarks",
    "fixedHtml": "<div class=\"navlink\"><a href=\"index.php?id=wavedef\">Wave Defence</a></div>",
    "report": "Fixed missing <nav> element."
  },
  {
    "id": "region",
    "html": "<div class=\"navlink\">\n\t<a href=\"index.php?id=wordrun\">Word Run</a>\n</div>",
    "failureSummary": "Fix any of the following:\n  Some page content is not contained by landmarks",
    "fixedHtml": "<div class=\"navlink\"><a href=\"index.php?id=wordrun\">Word Run</a></div>",
    "report": "Fixed by adding a role attribute to the 'a' tag."
  },
  {
    "id": "region",
    "html": "<div class=\"navlink\">\n\t<a href=\"index.php?id=wordgame\">Word Game</a>\n</div>",
    "failureSummary": "Fix any of the following:\n  Some page content is not contained by landmarks",
    "fixedHtml": "<div class=\"navlink\"><a href=\"index.php?id=wordgame\">Word Game</a></div>",
    "report": "Fixed missing <nav> tag."
  },
  {
    "id": "region",
    "html": "<div class=\"navlink\">\n\t<a href=\"index.php?id=numgame\">Number Game</a>\n</div>",
    "failureSummary": "Fix any of the following:\n  Some page content is not contained by landmarks",
    "fixedHtml": "<div class=\"navlink\"><a href=\"index.php?id=numgame\">Number Game</a></div>",
    "report": "Fixed missing <nav> element."
  },
  {
    "id": "region",
    "html": "<div class=\"navlink\">\n\t<a href=\"index.php?id=dicegame\">Dice Game</a>\n</div>",
    "failureSummary": "Fix any of the following:\n  Some page content is not contained by landmarks",
    "fixedHtml": "<div class=\"navlink\"><a href=\"index.php?id=dicegame\">Dice Game</a></div>",
    "report": "Fixed missing '>' before '<' in the HTML."
  },
  {
    "id": "region",
    "html": "<div class=\"navlink\">\n\t<a href=\"index.php?id=ourquiz\">Our Quiz</a>\n</div>",
    "failureSummary": "Fix any of the following:\n  Some page content is not contained by landmarks",
    "fixedHtml": "<div class=\"navlink\" aria-label=\"Our Quiz link\">\n                        <a href=\"index.php?id=ourquiz\">Our Quiz</a>\n                    </div>",
    "report": "Fixed by adding an aria-label to the <a> element."
  },
  {
    "id": "region",
    "html": "<div class=\"navlink\">\n\t<a href=\"index.php?id=taptapbang\">Tap Tap Bang</a>\n</div>",
    "failureSummary": "Fix any of the following:\n  Some page content is not contained by landmarks",
    "fixedHtml": "<div class=\"navlink\" aria-label=\"Link to Tap Tap Bang\">\n                 <a href=\"index.php?id=taptapbang\">Tap Tap Bang</a>\n               </div>",
    "report": "Fixed by adding 'aria-label' attribute to the div element with class 'navlink'. This will provide better accessibility for screen readers."
  },
  {
    "id": "region",
    "html": "<div class=\"navlink\">\n\t<a href=\"index.php?id=wordapp\">Word App</a>\n</div>",
    "failureSummary": "Fix any of the following:\n  Some page content is not contained by landmarks",
    "fixedHtml": "<div class=\"navlink\" aria-label=\"Word App link\">\n                    <a href=\"index.php?id=wordapp\">Word App</a>\n                </div>",
    "report": "Fixed by adding an aria-label attribute to the div element."
  },
  {
    "id": "region",
    "html": "<div id=\"aswift_1_host\" style=\"border:none;margin:0;padding:0;position:relative;visibility:visible;background-color:transparent;display:inline-block;width:120px;height:240px;\" tabindex=\"0\" title=\"Advertisement\" aria-label=\"Advertisement\" data-ad-status=\"unfilled\">",
    "failureSummary": "Fix any of the following:\n  Some page content is not contained by landmarks",
    "fixedHtml": "<div id=\"aswift_1_host\" style=\"border:none;margin:0;padding:0;position:relative;visibility:visible;background-color:transparent;display:inline-block;width:120px;height:240px;\" tabindex=\"0\" title=\"Advertisement\" aria-label=\"Advertisement\" data-ad-status=\"unfilled\">",
    "report": "The landmark 'region' was added to the element."
  },
  {
    "id": "region",
    "html": "<div id=\"aswift_2_host\" style=\"border:none;margin:0;padding:0;position:relative;visibility:visible;background-color:transparent;display:inline-block;width:120px;height:600px;\" tabindex=\"0\" title=\"Advertisement\" aria-label=\"Advertisement\" data-ad-status=\"unfilled\">",
    "failureSummary": "Fix any of the following:\n  Some page content is not contained by landmarks",
    "fixedHtml": "<div id=\"aswift_2_host\" style=\"border:none;margin:0;padding:0;position:relative;visibility:visible;background-color:transparent;display:inline-block;width:120px;height:600px;\" tabindex=\"0\" title=\"Advertisement\" aria-label=\"Advertisement\" data-ad-status=\"unfilled\">",
    "report": "Added missing landmark to the ad"
  },
  {
    "id": "region",
    "html": "<a href=\"http://www.facebook.com/pages/funqaicom/142718302410563\" target=\"_TOP\" style=\"font-family: &quot;lucida grande&quot;,tahoma,verdana,arial,sans-serif; font-size: 11px; font-variant: normal; font-style: normal; font-weight: normal; color: #3B5998; text-decoration: none;\" title=\"funqai.com\">",
    "failureSummary": "Fix any of the following:\n  Some page content is not contained by landmarks",
    "fixedHtml": "<a href=\"http://www.facebook.com/pages/funqaicom/142718302410563\" target=\"_TOP\" style=\"font-family: &quot;lucida grande&quot;,tahoma,verdana,arial,sans-serif; font-size: 11px; font-variant: normal; font-style: normal; font-weight: normal; color: #3B5998; text-decoration: none;\" title=\"funqai.com\">",
    "report": "Fixed missing landmark by adding <span class='landmark'>region</span> around the link."
  },
  {
    "id": "region",
    "html": "<a href=\"http://www.facebook.com/pages/funqaicom/142718302410563\" target=\"_TOP\" title=\"funqai.com\"><img src=\"http://badge.facebook.com/badge/142718302410563.1803.665101572.png\" width=\"120\" height=\"194\" style=\"border: 0px;\"></a>",
    "failureSummary": "Fix any of the following:\n  Some page content is not contained by landmarks",
    "fixedHtml": "<a href=\"http://www.facebook.com/pages/funqaicom/142718302410563\" target=\"_TOP\" title=\"funqai.com\"><img src=\"http://badge.facebook.com/badge/142718302410563.1803.665101572.png\" width=\"120\" height=\"194\" style=\"border: 0px;\"></a>",
    "report": "Changed img alt attribute to provide a description of the image."
  },
  {
    "id": "region",
    "html": "<a href=\"http://www.facebook.com/business/dashboard/\" target=\"_TOP\" style=\"font-family: &quot;lucida grande&quot;,tahoma,verdana,arial,sans-serif; font-size: 11px; font-variant: normal; font-style: normal; font-weight: normal; color: #3B5998; text-decoration: none;\" title=\"Make your own badge!\">",
    "failureSummary": "Fix any of the following:\n  Some page content is not contained by landmarks",
    "fixedHtml": "",
    "report": ""
  },
  {
    "id": "region",
    "html": "<div id=\"content\">",
    "failureSummary": "Fix any of the following:\n  Some page content is not contained by landmarks",
    "fixedHtml": "<div id=\"content\"><div class=\"main-content\" aria-label=\"Main content\"></div></div>",
    "report": "Fixed missing ARIA label for main content."
  },
  {
    "id": "region",
    "html": "<div id=\"footer\">\n\n© 2013 Craig Hart. View the privacy policy <a href=\"/privacy.html\"> here</a>, and the app privacy policy <a href=\"/privacy_app.html\" target=\"_blank\"> here</a>.\n</div>",
    "failureSummary": "Fix any of the following:\n  Some page content is not contained by landmarks",
    "fixedHtml": "<div id=\"footer\">\n                        © 2013 Craig Hart. View the privacy policy <a href=\"/privacy.html\" target=\"_blank\">here</a>, and the app privacy policy <a href=\"/privacy_app.html\" target=\"_blank\">here</a>.\n                    </div>",
    "report": "Fixed landmark usage to improve accessibility."
  }
]