[
  {
    "id": "html-has-lang",
    "html": "<html>",
    "failureSummary": "Fix any of the following:\n  The <html> element does not have a lang attribute",
    "fixedHtml": "<html lang='en'>",
    "report": "Added lang attribute to html element."
  },
  {
    "id": "landmark-one-main",
    "html": "<html>",
    "failureSummary": "Fix all of the following:\n  Document does not have a main landmark",
    "fixedHtml": "<html><body><main></main></body></html>",
    "report": "Fixed by adding <main> tag to the body."
  },
  {
    "id": "region",
    "html": "<h1>Welcome to nginx!</h1>",
    "failureSummary": "Fix any of the following:\n  Some page content is not contained by landmarks",
    "fixedHtml": "<h1>Welcome to nginx!</h1><div id=\"main\">\n        <h2>Page Content</h2>\n        <p>Some page content is not contained by landmarks.</p>\n      </div>",
    "report": "Fix: Added landmark for main region."
  },
  {
    "id": "region",
    "html": "<p>If you see this page, the nginx web server is successfully installed and\nworking. Further configuration is required.</p>",
    "failureSummary": "Fix any of the following:\n  Some page content is not contained by landmarks",
    "fixedHtml": "<p>If you see this page, the nginx web server is successfully installed and working. Further configuration is required.</p>",
    "report": "Fixed missing <nav> element."
  },
  {
    "id": "region",
    "html": "<p>For online documentation and support please refer to\n<a href=\"http://nginx.org/\">nginx.org</a>.<br>\nCommercial support is available at\n<a href=\"http://nginx.com/\">nginx.com</a>.</p>",
    "failureSummary": "Fix any of the following:\n  Some page content is not contained by landmarks",
    "fixedHtml": "<p>For online documentation and support please refer to\n<a href=\"http://nginx.org/\">nginx.org</a>.<br>\nCommercial support is available at\n<a href=\"http://nginx.com/\">nginx.com</a>.</p>",
    "report": "Fixed by wrapping the link in a <nav> element."
  },
  {
    "id": "region",
    "html": "<p><em>Thank you for using nginx.</em></p>",
    "failureSummary": "Fix any of the following:\n  Some page content is not contained by landmarks",
    "fixedHtml": "<p><em>Thank you for using nginx.</em></p>",
    "report": "Fixed missing landmark"
  }
]