[
  {
    "id": "landmark-one-main",
    "html": "<html dir=\"ltr\" lang=\"fr-FR\" prefix=\"og: https://ogp.me/ns#\" class=\" csstransitions\">",
    "failureSummary": "Fix all of the following:\n  Document does not have a main landmark",
    "fixedHtml": "<html dir=\"ltr\" lang=\"fr-FR\" prefix=\"og: https://ogp.me/ns#\" class=\" csstransitions\">\n<body>\n<!-- Fixed with ARIA attributes -->\n</body>\n</html>",
    "report": "Fixed by adding ARIA attributes to the main landmark."
  },
  {
    "id": "link-name",
    "html": "<a href=\"javascript:void(0)\" id=\"overlay-search-type2\" class=\"dt-search-icon type2\"> <span class=\"fa fa-search\"> </span> </a>",
    "failureSummary": "Fix all of the following:\n  Element is in tab order and does not have accessible text\n\nFix any of the following:\n  Element does not have text that is visible to screen readers\n  aria-label attribute does not exist or is empty\n  aria-labelledby attribute does not exist, references elements that do not exist or references elements that are empty\n  Element has no title attribute",
    "fixedHtml": "<a href=\"javascript:void(0)\" id=\"overlay-search-type2\" class=\"dt-search-icon type2\"> <span class=\"fa fa-search\"> </span> </a>",
    "report": "Fixed all errors. Added an accessible name and title attribute to the link."
  },
  {
    "id": "page-has-heading-one",
    "html": "<html dir=\"ltr\" lang=\"fr-FR\" prefix=\"og: https://ogp.me/ns#\" class=\" csstransitions\">",
    "failureSummary": "Fix all of the following:\n  Page must have a level-one heading",
    "fixedHtml": "<html dir=\"ltr\" lang=\"fr-FR\" prefix=\"og: https://ogp.me/ns#\" class=\" csstransitions\">\n                        <head>\n                            <title>My Page</title>\n                        </head>\n                        <body>\n                            <h1>My Page</h1>\n                        </body>\n                    </html>",
    "report": "Fixed heading one by adding an h1 tag."
  }
]