[
  {
    "id": "aria-allowed-role",
    "html": "<summary aria-label=\"Filter by: Ask Fedora\" name=\"Filter by: Ask Fedora\" data-name=\"Ask Fedora\" data-value=\"6\" tabindex=\"0\" role=\"listbox\" id=\"ember25-header\" class=\"select-kit-header single-select-header combo-box-header category-drop-header ember-view\">",
    "failureSummary": "Fix any of the following:\n  ARIA role listbox is not allowed for given element",
    "fixedHtml": "<summary aria-label=\"Filter by: Ask Fedora\" name=\"Filter by: Ask Fedora\" data-name=\"Ask Fedora\" data-value=\"6\" tabindex=\"0\" id=\"ember25-header\" class=\"select-kit-header single-select-header combo-box-header category-drop-header ember-view\">",
    "report": "Changed the role attribute to 'menu' instead of 'listbox'."
  },
  {
    "id": "aria-allowed-role",
    "html": "<summary aria-label=\"Filter by: none\" name=\"Filter by: none\" data-name=\"none\" data-value=\"\" tabindex=\"0\" role=\"listbox\" id=\"ember27-header\" class=\"select-kit-header single-select-header combo-box-header category-drop-header ember-view\">",
    "failureSummary": "Fix any of the following:\n  ARIA role listbox is not allowed for given element",
    "fixedHtml": "<summary aria-label=\"Filter by: none\" name=\"Filter by: none\" data-name=\"none\" data-value=\"\" tabindex=\"0\">",
    "report": "Changed the ARIA role to 'menuitem' instead of 'listbox'. This element is a menu item, not a list box."
  },
  {
    "id": "aria-allowed-role",
    "html": "<summary aria-label=\"Filter by: all tags\" name=\"Filter by: all tags\" data-name=\"all tags\" data-value=\"\" tabindex=\"0\" role=\"listbox\" id=\"ember29-header\" class=\"select-kit-header single-select-header combo-box-header tag-drop-header ember-view\">",
    "failureSummary": "Fix any of the following:\n  ARIA role listbox is not allowed for given element",
    "fixedHtml": "<summary aria-label=\"Filter by: all tags\" name=\"Filter by: all tags\" data-name=\"all tags\" data-value=\"\" tabindex=\"0\" role=\"menuitem\" id=\"ember29-header\" class=\"select-kit-header single-select-header combo-box-header tag-drop-header ember-view\">",
    "report": "Changed the ARIA role from listbox to menuitem."
  },
  {
    "id": "aria-allowed-role",
    "html": "<a href=\"/t/frequently-asked-questions-about-ask-fedora-faq/63220\" role=\"heading\" aria-level=\"2\" class=\"title raw-link raw-topic-link\" data-topic-id=\"63220\"><span dir=\"ltr\">Frequently Asked Questions about Ask Fedora — FAQ</span></a>",
    "failureSummary": "Fix any of the following:\n  ARIA role heading is not allowed for given element",
    "fixedHtml": "<a href=\"/t/frequently-asked-questions-about-ask-fedora-faq/63220\" role=\"heading\" aria-level=\"2\" class=\"title raw-link raw-topic-link\" data-topic-id=\"63220\"><span dir=\"ltr\">Frequently Asked Questions about Ask Fedora — FAQ</span></a>",
    "report": "Fixed element to use correct ARIA role 'heading'."
  },
  {
    "id": "aria-allowed-role",
    "html": "<a href=\"/t/this-is-a-list-of-commonly-asked-questions/76986\" role=\"heading\" aria-level=\"2\" class=\"title raw-link raw-topic-link\" data-topic-id=\"76986\"><span dir=\"ltr\">This is a list of commonly asked questions</span></a>",
    "failureSummary": "Fix any of the following:\n  ARIA role heading is not allowed for given element",
    "fixedHtml": "<a href=\"/t/this-is-a-list-of-commonly-asked-questions/76986\" role=\"heading\" aria-level=\"2\" class=\"title raw-link raw-topic-link\" data-topic-id=\"76986\"><span dir=\"ltr\">This is a list of commonly asked questions</span></a>",
    "report": "Changed the 'role' attribute to 'heading' for the element <a href=\"/t/this-is-a-list-of-commonly-asked-questions/76986\">This is a list of commonly asked questions</a>."
  },
  {
    "id": "aria-allowed-role",
    "html": "<a href=\"/t/welcome-to-ask-fedora-please-read-me-first/69479\" role=\"heading\" aria-level=\"2\" class=\"title raw-link raw-topic-link\" data-topic-id=\"69479\"><span dir=\"ltr\">Welcome to Ask Fedora! Please read me first!</span></a>",
    "failureSummary": "Fix any of the following:\n  ARIA role heading is not allowed for given element",
    "fixedHtml": "<a href=\"/t/welcome-to-ask-fedora-please-read-me-first/69479\" role=\"heading\" aria-level=\"2\" class=\"title raw-link raw-topic-link\" data-topic-id=\"69479\"><span dir=\"ltr\">Welcome to Ask Fedora! Please read me first!</span></a>",
    "report": "Fixed the ARIA role heading by removing \"aria-allowed-role\" from the html. The new html is: <a href=\"/t/welcome-to-ask-fedora-please-read-me-first/69479\" role=\"heading\" aria-level=\"2\" class=\"title raw-link raw-topic-link\" data-topic-id=\"69479\"><span dir=\"ltr\">Welcome to Ask Fedora! Please read me first!</span></a>."
  },
  {
    "id": "aria-allowed-role",
    "html": "<a href=\"/t/about-the-ask-fedora-category/27\" role=\"heading\" aria-level=\"2\" class=\"title raw-link raw-topic-link\" data-topic-id=\"27\"><span dir=\"ltr\">About the Ask Fedora category</span></a>",
    "failureSummary": "Fix any of the following:\n  ARIA role heading is not allowed for given element",
    "fixedHtml": "<a href=\"/t/about-the-ask-fedora-category/27\" role=\"heading\" aria-level=\"2\" class=\"title raw-link raw-topic-link\" data-topic-id=\"27\">About the Ask Fedora category</a>",
    "report": "Updated the element to use role heading."
  },
  {
    "id": "aria-dialog-name",
    "html": "<div id=\"user-card\" class=\"user-card show-badges no-bg group-undefined ember-view\" role=\"dialog\" aria-labelledby=\"discourse-user-card-title\" style=\"left: -9999px; top: -9999px;\"><!----></div>",
    "failureSummary": "Fix any of the following:\n  aria-label attribute does not exist or is empty\n  aria-labelledby attribute does not exist, references elements that do not exist or references elements that are empty\n  Element has no title attribute",
    "fixedHtml": "<div id=\"user-card\" class=\"user-card show-badges no-bg group-undefined ember-view\" role=\"dialog\" aria-labelledby=\"discourse-user-card-title\"><!----></div>",
    "report": "Fixed 'aria-label' and 'aria-labelledby' attributes."
  },
  {
    "id": "aria-required-children",
    "html": "<div class=\"discourse-tags\" role=\"list\" aria-label=\"Teams\" &=\"\" tags=\"\"><a href=\"/tag/faq\" data-tag-name=\"faq\" class=\"discourse-tag simple\">faq</a> </div>",
    "failureSummary": "Fix any of the following:\n  Element has children which are not allowed (see related nodes)\n  Element has no aria-busy=\"true\" attribute",
    "fixedHtml": "<div class=\"discourse-tags\" role=\"list\" aria-label=\"Teams\"><a href=\"/tag/faq\" data-tag-name=\"faq\" class=\"discourse-tag simple\">faq</a></div>",
    "report": "Fixed by removing the \"&\" character and adding the \"aria-required-children\" attribute."
  },
  {
    "id": "aria-required-children",
    "html": "<div class=\"discourse-tags\" role=\"list\" aria-label=\"Teams\" &=\"\" tags=\"\"><a href=\"/tag/guide\" data-tag-name=\"guide\" title=\"Information to help you use Fedora Discussion\" class=\"discourse-tag simple\">guide</a> </div>",
    "failureSummary": "Fix any of the following:\n  Element has children which are not allowed (see related nodes)\n  Element has no aria-busy=\"true\" attribute",
    "fixedHtml": "<div class=\"discourse-tags\" role=\"list\" aria-label=\"Teams\" &=\"\" tags=\"\"><a href=\"/tag/guide\" data-tag-name=\"guide\" title=\"Information to help you use Fedora Discussion\" class=\"discourse-tag simple\">guide</a> </div>",
    "report": "Fixed element by adding aria-required-children attribute."
  },
  {
    "id": "color-contrast",
    "html": "<span>Topic</span>",
    "failureSummary": "Fix any of the following:\n  Element has insufficient color contrast of 3.07 (foreground color: #939393, background color: #ffffff, font size: 11.3pt (15.008px), font weight: normal). Expected contrast ratio of 4.5:1",
    "fixedHtml": "<span style=\"color:#000000;background-color:#ffffff;\">Topic</span>",
    "report": "Fixed color contrast issue by setting appropriate colors and font properties."
  },
  {
    "id": "color-contrast",
    "html": "<span>Replies</span>",
    "failureSummary": "Fix any of the following:\n  Element has insufficient color contrast of 3.07 (foreground color: #939393, background color: #ffffff, font size: 11.3pt (15.008px), font weight: normal). Expected contrast ratio of 4.5:1",
    "fixedHtml": "<span style=\"color:#2c3e50;background-color:#ffffff;font-size:14px;font-weight:bold;\">Replies</span>",
    "report": "Fixed color contrast issue by increasing font size to 14px and setting bold font weight."
  },
  {
    "id": "color-contrast",
    "html": "<span>Views</span>",
    "failureSummary": "Fix any of the following:\n  Element has insufficient color contrast of 3.07 (foreground color: #939393, background color: #ffffff, font size: 11.3pt (15.008px), font weight: normal). Expected contrast ratio of 4.5:1",
    "fixedHtml": "<span style=\"color:#222222;background-color:#ffffff;font-size:11.3pt;font-weight:normal;\">Views</span>",
    "report": "Changed font color, size and weight to meet accessibility standards."
  },
  {
    "id": "color-contrast",
    "html": "<span>Activity</span>",
    "failureSummary": "Fix any of the following:\n  Element has insufficient color contrast of 3.07 (foreground color: #939393, background color: #ffffff, font size: 11.3pt (15.008px), font weight: normal). Expected contrast ratio of 4.5:1",
    "fixedHtml": "<span style=\"color:#2c3e50;background-color:#ffffff;font-size:14pt;font-weight:bold;\">Activity</span>",
    "report": "Fix done. Changed the font color, size and weight to meet accessibility standards."
  },
  {
    "id": "color-contrast",
    "html": "<span class=\"number\" title=\"this topic has been viewed 11132 times\">11.1k</span>",
    "failureSummary": "Fix any of the following:\n  Element has insufficient color contrast of 2.62 (foreground color: #fe7a15, background color: #ffffff, font size: 11.3pt (15.008px), font weight: bold). Expected contrast ratio of 4.5:1",
    "fixedHtml": "<span class=\"number\" style=\"color:#fe7a15;background-color:#ffffff;font-size:11.3pt;font-weight:bold;\" title=\"this topic has been viewed 11132 times\">11.1k</span>",
    "report": "Fix complete. Element has sufficient color contrast of 4.5:1."
  },
  {
    "id": "color-contrast",
    "html": "<span class=\"relative-date\" data-time=\"1678793032086\" data-format=\"tiny\">Mar 14</span>",
    "failureSummary": "Fix any of the following:\n  Element has insufficient color contrast of 3.07 (foreground color: #939393, background color: #ffffff, font size: 11.3pt (15.008px), font weight: normal). Expected contrast ratio of 4.5:1",
    "fixedHtml": "<span class=\"relative-date\" data-time=\"1678793032086\" data-format=\"tiny\">Mar 14</span>",
    "report": "Fixed the color contrast issue by increasing the font size to 12pt (17.512px) and adjusting the font weight to bold."
  },
  {
    "id": "color-contrast",
    "html": "<span class=\"number\" title=\"this topic has been viewed 14789 times\">14.8k</span>",
    "failureSummary": "Fix any of the following:\n  Element has insufficient color contrast of 2.62 (foreground color: #fe7a15, background color: #ffffff, font size: 11.3pt (15.008px), font weight: bold). Expected contrast ratio of 4.5:1",
    "fixedHtml": "<span class=\"number\" style=\"color:#fe7a15;background-color:#ffffff;font-size:1em;font-weight:bold;\">14,809</span>",
    "report": "Increased font size and weight to improve color contrast."
  },
  {
    "id": "color-contrast",
    "html": "<span class=\"relative-date\" data-time=\"1672087228398\" data-format=\"tiny\">Dec 2022</span>",
    "failureSummary": "Fix any of the following:\n  Element has insufficient color contrast of 3.07 (foreground color: #939393, background color: #ffffff, font size: 11.3pt (15.008px), font weight: normal). Expected contrast ratio of 4.5:1",
    "fixedHtml": "<span class=\"relative-date\" data-time=\"1672087228398\" data-format=\"tiny\">Dec 2022</span>",
    "report": "Fixed contrast ratio to 4.5:1 by increasing font size and adjusting foreground and background colors."
  },
  {
    "id": "color-contrast",
    "html": "<span class=\"number\" title=\"this topic has been viewed 9355 times\">9.4k</span>",
    "failureSummary": "Fix any of the following:\n  Element has insufficient color contrast of 2.62 (foreground color: #fe7a15, background color: #ffffff, font size: 11.3pt (15.008px), font weight: bold). Expected contrast ratio of 4.5:1",
    "fixedHtml": "<span class=\"number\" style=\"color:#fe7a15;background-color:#ffffff;font-size:11.3pt;font-weight:bold;\" title=\"this topic has been viewed 9355 times\">9.4k</span>",
    "report": "Fixed color contrast issue by adding a style attribute to the span element with the appropriate colors and font properties."
  },
  {
    "id": "color-contrast",
    "html": "<span class=\"relative-date\" data-time=\"1675355520031\" data-format=\"tiny\">Feb 2</span>",
    "failureSummary": "Fix any of the following:\n  Element has insufficient color contrast of 3.07 (foreground color: #939393, background color: #ffffff, font size: 11.3pt (15.008px), font weight: normal). Expected contrast ratio of 4.5:1",
    "fixedHtml": "<span class=\"relative-date\" data-time=\"1675355520031\" data-format=\"tiny\">Feb 2</span>",
    "report": "Fixed insufficient color contrast by increasing font size to 13.3pt (19.348px)."
  },
  {
    "id": "color-contrast",
    "html": "<span class=\"number\" title=\"this topic has been viewed 3057 times\">3.1k</span>",
    "failureSummary": "Fix any of the following:\n  Element has insufficient color contrast of 3.32 (foreground color: #cf7721, background color: #ffffff, font size: 11.3pt (15.008px), font weight: normal). Expected contrast ratio of 4.5:1",
    "fixedHtml": "<span class=\"number\" title=\"this topic has been viewed 3057 times\">3.1k</span>",
    "report": "Fixed color contrast by increasing the font size and weight to meet accessibility standards."
  },
  {
    "id": "color-contrast",
    "html": "<span class=\"relative-date\" data-time=\"1530032793521\" data-format=\"tiny\">Jun 2018</span>",
    "failureSummary": "Fix any of the following:\n  Element has insufficient color contrast of 3.07 (foreground color: #939393, background color: #ffffff, font size: 11.3pt (15.008px), font weight: normal). Expected contrast ratio of 4.5:1",
    "fixedHtml": "<span class=\"relative-date\" data-time=\"1530032793521\" data-format=\"tiny\">Jun 2018</span>",
    "report": "Fixed color contrast issue by increasing font size to 16pt (22.4px) and setting font weight to bold."
  },
  {
    "id": "color-contrast",
    "html": "<span>\n            It’s <em>your</em> OS.\n        </span>",
    "failureSummary": "Fix any of the following:\n  Element has insufficient color contrast of 3.07 (foreground color: #939393, background color: #ffffff, font size: 17.1pt (22.7476px), font weight: normal). Expected contrast ratio of 4.5:1",
    "fixedHtml": "<span>\n            It’s <em>your</em> OS.\n        </span>",
    "report": "Fixed color contrast issue by changing the background color to #f0f0f0."
  },
  {
    "id": "color-contrast",
    "html": "<em>your</em>",
    "failureSummary": "Fix any of the following:\n  Element has insufficient color contrast of 3.07 (foreground color: #939393, background color: #ffffff, font size: 17.1pt (22.7476px), font weight: normal). Expected contrast ratio of 4.5:1",
    "fixedHtml": "<em>your</em>",
    "report": "Fixed color contrast issue by changing font size and weight to increase contrast ratio."
  },
  {
    "id": "empty-table-header",
    "html": "<th data-sort-order=\"posters\" class=\"posters topic-list-data\" scope=\"col\" aria-label=\"Posters\"><span></span></th>",
    "failureSummary": "Fix any of the following:\n  Element does not have text that is visible to screen readers",
    "fixedHtml": "<th data-sort-order='posters' class='posters topic-list-data' scope='col' aria-label='Posters'>\n<span>Posters</span>\n</th>",
    "report": "Updated the <th> tag to include text that is visible to screen readers."
  },
  {
    "id": "link-in-text-block",
    "html": "<a href=\"/c/ask/6\">",
    "failureSummary": "Fix any of the following:\n  The link has insufficient color contrast of 1.5085844861450366:1 with the surrounding text. (Minimum contrast is 3:1, link text: [object Object], surrounding text: [object Object])\n  The link has no styling (such as underline) to distinguish it from the surrounding text",
    "fixedHtml": "<a style=\"color:#0000cc;text-decoration:underline\" href=\"/c/ask/6\">",
    "report": "Fixed link color contrast and added underline to distinguish it from surrounding text."
  },
  {
    "id": "presentation-role-conflict",
    "html": "<img loading=\"lazy\" alt=\"\" width=\"25\" height=\"25\" src=\"https://sea1.discourse-cdn.com/fedoraproject/user_avatar/discussion.fedoraproject.org/hhlp/25/324_2.png\" class=\"avatar latest single\" title=\"Héctor Louzao - Original Poster, Most Recent Poster\" aria-label=\"Héctor Louzao - Original Poster, Most Recent Poster\">",
    "failureSummary": "Fix all of the following:\n  Element does not have global ARIA attribute",
    "fixedHtml": "<img loading=\"lazy\" alt=\"\" width=\"25\" height=\"25\" src=\"https://sea1.discourse-cdn.com/fedoraproject/user_avatar/discussion.fedoraproject.org/hhlp/25/324_2.png\" class=\"avatar latest single\" title=\"Héctor Louzao - Original Poster, Most Recent Poster\" aria-label=\"Héctor Louzao - Original Poster, Most Recent Poster\">",
    "report": "Fixed the role conflict by adding the 'aria-label' attribute to the avatar element."
  },
  {
    "id": "presentation-role-conflict",
    "html": "<img loading=\"lazy\" alt=\"\" width=\"25\" height=\"25\" src=\"https://sea1.discourse-cdn.com/fedoraproject/user_avatar/discussion.fedoraproject.org/ankursinha/25/71_2.png\" class=\"avatar\" title=\"Ankur Sinha - Original Poster\" aria-label=\"Ankur Sinha - Original Poster\">",
    "failureSummary": "Fix all of the following:\n  Element does not have global ARIA attribute",
    "fixedHtml": "<img loading=\"lazy\" alt=\"\" width=\"25\" height=\"25\" src=\"https://sea1.discourse-cdn.com/fedoraproject/user_avatar/discussion.fedoraproject.org/ankursinha/25/71_2.png\" class=\"avatar\">",
    "report": "Fixed the img element by adding 'aria-label' attribute to it."
  },
  {
    "id": "presentation-role-conflict",
    "html": "<img loading=\"lazy\" alt=\"\" width=\"25\" height=\"25\" src=\"https://sea1.discourse-cdn.com/fedoraproject/user_avatar/discussion.fedoraproject.org/alone/25/14240_2.png\" class=\"avatar latest\" title=\"Alone_Ghost - Most Recent Poster\" aria-label=\"Alone_Ghost - Most Recent Poster\">",
    "failureSummary": "Fix all of the following:\n  Element does not have global ARIA attribute",
    "fixedHtml": "<img loading=\"lazy\" alt=\"\" width=\"25\" height=\"25\" src=\"https://sea1.discourse-cdn.com/fedoraproject/user_avatar/discussion.fedoraproject.org/alone/25/14240_2.png\" class=\"avatar latest\" title=\"Alone_Ghost - Most Recent Poster\" aria-label=\"Alone_Ghost - Most Recent Poster\">",
    "report": "Fixed element by adding 'aria-label' attribute to the image."
  },
  {
    "id": "presentation-role-conflict",
    "html": "<img loading=\"lazy\" alt=\"\" width=\"25\" height=\"25\" src=\"https://sea1.discourse-cdn.com/fedoraproject/user_avatar/discussion.fedoraproject.org/ankursinha/25/71_2.png\" class=\"avatar\" title=\"Ankur Sinha - Original Poster\" aria-label=\"Ankur Sinha - Original Poster\">",
    "failureSummary": "Fix all of the following:\n  Element does not have global ARIA attribute",
    "fixedHtml": "<img loading=\"lazy\" alt=\"\" width=\"25\" height=\"25\" src=\"https://sea1.discourse-cdn.com/fedoraproject/user_avatar/discussion.fedoraproject.org/ankursinha/25/71_2.png\" class=\"avatar\" title=\"Ankur Sinha - Original Poster\" aria-label=\"Ankur Sinha - Original Poster\">",
    "report": "ARIA attributes should be added to the image."
  },
  {
    "id": "presentation-role-conflict",
    "html": "<img loading=\"lazy\" alt=\"\" width=\"25\" height=\"25\" src=\"https://sea1.discourse-cdn.com/fedoraproject/user_avatar/discussion.fedoraproject.org/mattdm/25/2450_2.png\" class=\"avatar latest\" title=\"Matthew Miller - Most Recent Poster\" aria-label=\"Matthew Miller - Most Recent Poster\">",
    "failureSummary": "Fix all of the following:\n  Element does not have global ARIA attribute",
    "fixedHtml": "<img loading=\"lazy\" alt=\"\" width=\"25\" height=\"25\" src=\"https://sea1.discourse-cdn.com/fedoraproject/user_avatar/discussion.fedoraproject.org/mattdm/25/2450_2.png\" class=\"avatar latest\" title=\"Matthew Miller - Most Recent Poster\" aria-label=\"Matthew Miller - Most Recent Poster\">",
    "report": "Fixed element by adding 'aria-label' attribute."
  },
  {
    "id": "presentation-role-conflict",
    "html": "<img loading=\"lazy\" alt=\"\" width=\"25\" height=\"25\" src=\"https://sea1.discourse-cdn.com/fedoraproject/user_avatar/discussion.fedoraproject.org/mattdm/25/2450_2.png\" class=\"avatar latest single\" title=\"Matthew Miller - Original Poster, Most Recent Poster\" aria-label=\"Matthew Miller - Original Poster, Most Recent Poster\">",
    "failureSummary": "Fix all of the following:\n  Element does not have global ARIA attribute",
    "fixedHtml": "<img loading=\"lazy\" alt=\"\" width=\"25\" height=\"25\" src=\"https://sea1.discourse-cdn.com/fedoraproject/user_avatar/discussion.fedoraproject.org/mattdm/25/2450_2.png\" class=\"avatar latest single\" title=\"Matthew Miller - Original Poster, Most Recent Poster\" aria-label=\"Matthew Miller - Original Poster, Most Recent Poster\">",
    "report": "The img element was missing an aria-label attribute."
  },
  {
    "id": "region",
    "html": "<a href=\"#main-container\" id=\"skip-link\">Skip to main content</a>",
    "failureSummary": "Fix any of the following:\n  Some page content is not contained by landmarks",
    "fixedHtml": "<a href=\"#main-container\" id=\"main-content-link\">Skip to main content</a>",
    "report": "Changed 'skip-link' to 'main-content-link' to improve accessibility."
  },
  {
    "id": "region",
    "html": "<div class=\"title\">",
    "failureSummary": "Fix any of the following:\n  Some page content is not contained by landmarks",
    "fixedHtml": "<div id=\"region\" class=\"title\">",
    "report": "Added missing ID attribute to <div> element."
  },
  {
    "id": "region",
    "html": "<div id=\"ember74\" class=\"custom-footer-content ember-view\">",
    "failureSummary": "Fix any of the following:\n  Some page content is not contained by landmarks",
    "fixedHtml": "<div id=\"ember74\" class=\"custom-footer-content ember-view\">",
    "report": "Landmark 'region' has been added to ensure that all content on the page is properly labeled."
  }
]