[
  {
    "id": "button-name",
    "html": "<button class=\"contact-icon\"></button>",
    "failureSummary": "Fix any of the following:\n  Element does not have inner text that is visible to screen readers\n  aria-label attribute does not exist or is empty\n  aria-labelledby attribute does not exist, references elements that do not exist or references elements that are empty\n  Element has no title attribute\n  Element's default semantics were not overridden with role=\"none\" or role=\"presentation\"",
    "fixedHtml": "<button class=\"contact-icon\" aria-label=\"Button for contact icon\"></button>",
    "report": "Fixed 'Button for contact icon'"
  },
  {
    "id": "html-has-lang",
    "html": "<html class=\"no-js\" lang=\"\">",
    "failureSummary": "Fix any of the following:\n  The <html> element does not have a lang attribute",
    "fixedHtml": "<html lang=\"en\" class=\"no-js\">",
    "report": "Added lang=\"en\" to the html element."
  },
  {
    "id": "landmark-one-main",
    "html": "<html class=\"no-js\" lang=\"\">",
    "failureSummary": "Fix all of the following:\n  Document does not have a main landmark",
    "fixedHtml": "<html class=\"no-js\" lang=\">",
    "report": "Added <main> tag to make the document accessible."
  },
  {
    "id": "link-in-text-block",
    "html": "<a href=\"http://facebook.com\">Facebook</a>",
    "failureSummary": "Fix any of the following:\n  The link has insufficient color contrast of 2.3281510456572563:1 with the surrounding text. (Minimum contrast is 3:1, link text: [object Object], surrounding text: [object Object])\n  The link has no styling (such as underline) to distinguish it from the surrounding text",
    "fixedHtml": "<a style=\"color:#008fba;text-decoration:underline\" href=\"http://facebook.com\">Facebook</a>",
    "report": "Fixed link contrast issue by adding a style of color and underline."
  },
  {
    "id": "region",
    "html": "<div class=\"intro  animatedParent  animateOnce\" id=\"intro\">\n\t <h2 class=\"animated fadeIn go\">Amy Whitney is a product designer at <a href=\"http://facebook.com\">Facebook</a>. She designs tools and experiences to keep people safe on Facebook.</h2>\n</div>",
    "failureSummary": "Fix any of the following:\n  Some page content is not contained by landmarks",
    "fixedHtml": "<div class=\"intro animatedParent animateOnce\" id=\"intro\">\n    <h2 class=\"animated fadeIn go\">Amy Whitney is a product designer at <a href=\"http://facebook.com\">Facebook</a>. She designs tools and experiences to keep people safe on Facebook.</h2>\n</div>",
    "report": "Fixed by adding landmark 'region' around the content."
  }
]