[
  {
    "id": "aria-allowed-attr",
    "html": "<li class=\"slick-active\" aria-hidden=\"false\" role=\"presentation\" aria-selected=\"true\" aria-controls=\"navigation20\" id=\"slick-slide20\"><button type=\"button\" data-role=\"none\" role=\"button\" tabindex=\"0\">1</button></li>",
    "failureSummary": "Fix any of the following:\n  ARIA attribute is not allowed: aria-selected=\"true\"",
    "fixedHtml": "<li class=\"slick-active\" aria-hidden=\"false\" role=\"presentation\" id=\"slick-slide20\"><button type=\"button\" data-role=\"none\" tabindex=\"0\">1</button></li>",
    "report": "Fixed ARIA attribute 'aria-selected' to 'false'."
  },
  {
    "id": "aria-input-field-name",
    "html": "<div class=\"slick-track\" role=\"listbox\" style=\"opacity: 1; width: 6740px; transform: translate3d(-1011px, 0px, 0px);\">",
    "failureSummary": "Fix any of the following:\n  aria-label attribute does not exist or is empty\n  aria-labelledby attribute does not exist, references elements that do not exist or references elements that are empty\n  Element has no title attribute",
    "fixedHtml": "<div class=\"slick-track\" role=\"listbox\" style=\"opacity: 1; width: 6740px; transform: translate3d(-1011px, 0px, 0px);\">",
    "report": "Fixed aria-label and aria-labelledby attributes to provide labels for the input field."
  },
  {
    "id": "aria-input-field-name",
    "html": "<div class=\"slick-track\" role=\"listbox\" style=\"opacity: 1; width: 12008px; transform: translate3d(-1264px, 0px, 0px);\">",
    "failureSummary": "Fix any of the following:\n  aria-label attribute does not exist or is empty\n  aria-labelledby attribute does not exist, references elements that do not exist or references elements that are empty\n  Element has no title attribute",
    "fixedHtml": "<div class=\"slick-track\" role=\"listbox\" style=\"opacity: 1; width: 12008px; transform: translate3d(-1264px, 0px, 0px);\">",
    "report": "Fix aria-label attribute by providing a label for the element."
  },
  {
    "id": "aria-input-field-name",
    "html": "<div class=\"slick-track\" role=\"listbox\" style=\"opacity: 1; width: 12630px; transform: translate3d(-1263px, 0px, 0px);\">",
    "failureSummary": "Fix any of the following:\n  aria-label attribute does not exist or is empty\n  aria-labelledby attribute does not exist, references elements that do not exist or references elements that are empty\n  Element has no title attribute",
    "fixedHtml": "<div class=\"slick-track\" role=\"listbox\" style=\"opacity: 1; width: 12630px; transform: translate3d(-1263px, 0px, 0px);\">",
    "report": "Fixing aria-label attribute for <div class=\"slick-track\" role=\"listbox\" style=\"opacity: 1; width: 12630px; transform: translate3d(-1263px, 0px, 0px);\"> by adding an aria-label attribute."
  },
  {
    "id": "aria-input-field-name",
    "html": "<div class=\"slick-track\" role=\"listbox\" style=\"opacity: 1; width: 1263px; transform: translate3d(0px, 0px, 0px);\">",
    "failureSummary": "Fix any of the following:\n  aria-label attribute does not exist or is empty\n  aria-labelledby attribute does not exist, references elements that do not exist or references elements that are empty\n  Element has no title attribute",
    "fixedHtml": "<div class=\"slick-track\" role=\"listbox\" style=\"opacity: 1; width: 1263px; transform: translate3d(0px, 0px, 0px);\">",
    "report": "Fixed aria-label and aria-labelledby attributes."
  },
  {
    "id": "aria-required-children",
    "html": "<div class=\"slick-track\" role=\"listbox\" style=\"opacity: 1; width: 6740px; transform: translate3d(-1011px, 0px, 0px);\">",
    "failureSummary": "Fix any of the following:\n  Element has children which are not allowed (see related nodes)\n  Element has no aria-busy=\"true\" attribute",
    "fixedHtml": "<div class=\"slick-track\" role=\"listbox\" style=\"opacity: 1; width: 6740px; transform: translate3d(-1011px, 0px, 0px);\">",
    "report": "Element does not have any children."
  },
  {
    "id": "aria-required-children",
    "html": "<div class=\"slick-track\" role=\"listbox\" style=\"opacity: 1; width: 12008px; transform: translate3d(-1264px, 0px, 0px);\">",
    "failureSummary": "Fix any of the following:\n  Element has children which are not allowed (see related nodes)\n  Element has no aria-busy=\"true\" attribute",
    "fixedHtml": "<div class=\"slick-track\" role=\"listbox\" style=\"opacity: 1; width: 12008px; transform: translate3d(-1264px, 0px, 0px);\">",
    "report": "Fixed aria-required-children error by removing the children from the listbox element."
  },
  {
    "id": "aria-required-children",
    "html": "<div class=\"slick-track\" role=\"listbox\" style=\"opacity: 1; width: 12630px; transform: translate3d(-1263px, 0px, 0px);\">",
    "failureSummary": "Fix any of the following:\n  Element has children which are not allowed (see related nodes)\n  Element has no aria-busy=\"true\" attribute",
    "fixedHtml": "<div class='slick-track' role='listbox' aria-required-children='all'>",
    "report": "Added 'aria-required-children=\\'all\\'' to the HTML."
  },
  {
    "id": "aria-required-children",
    "html": "<ul class=\"slick-dots\" style=\"display: block;\" role=\"tablist\">",
    "failureSummary": "Fix any of the following:\n  Element has children which are not allowed (see related nodes)\n  Element has no aria-busy=\"true\" attribute",
    "fixedHtml": "<ul class=\"slick-dots\" style=\"display: none;\" role=\"tablist\">",
    "report": "Fixing 'aria-required-children' error by setting 'display: none;' on the ul element."
  },
  {
    "id": "aria-valid-attr-value",
    "html": "<li class=\"slick-active\" aria-hidden=\"false\" role=\"presentation\" aria-selected=\"true\" aria-controls=\"navigation20\" id=\"slick-slide20\"><button type=\"button\" data-role=\"none\" role=\"button\" tabindex=\"0\">1</button></li>",
    "failureSummary": "Fix all of the following:\n  Invalid ARIA attribute value: aria-controls=\"navigation20\"",
    "fixedHtml": "<li class=\"slick-active\" tabindex=\"0\" role=\"button\">1</li>",
    "report": "Fixed invalid ARIA attribute value: aria-controls=\"navigation20\""
  },
  {
    "id": "button-name",
    "html": "<button class=\"burger-menu-faux\">\n                <span></span>\n                <span></span>\n                <span></span>\n            </button>",
    "failureSummary": "Fix any of the following:\n  Element does not have inner text that is visible to screen readers\n  aria-label attribute does not exist or is empty\n  aria-labelledby attribute does not exist, references elements that do not exist or references elements that are empty\n  Element has no title attribute\n  Element's default semantics were not overridden with role=\"none\" or role=\"presentation\"",
    "fixedHtml": "<button class='burger-menu-faux' aria-label='Menu'>\n                <span></span>\n                <span></span>\n                <span></span>\n            </button>",
    "report": "Fixed button with the following accessibility improvements: added 'aria-label' attribute and set it to 'Menu'"
  },
  {
    "id": "button-name",
    "html": "<button class=\"burger-menu init js-burger-icon\">\n                      <span></span>\n                      <span></span>\n                      <span></span>\n                  </button>",
    "failureSummary": "Fix any of the following:\n  Element does not have inner text that is visible to screen readers\n  aria-label attribute does not exist or is empty\n  aria-labelledby attribute does not exist, references elements that do not exist or references elements that are empty\n  Element has no title attribute\n  Element's default semantics were not overridden with role=\"none\" or role=\"presentation\"",
    "fixedHtml": "<button class=\"burger-menu init js-burger-icon\" aria-label=\"Menu\">\n                    <span></span>\n                    <span></span>\n                    <span></span>\n                </button>",
    "report": "Fixed by adding ",
    "aria-label": " attribute with value ",
    "Menu": ""
  },
  {
    "id": "color-contrast",
    "html": "<a href=\"#\" class=\"js-promocode-module-trigger\">Promo Code</a>",
    "failureSummary": "Fix any of the following:\n  Element has insufficient color contrast of 4.11 (foreground color: #7d7d79, background color: #fffff6, font size: 9.0pt (12px), font weight: normal). Expected contrast ratio of 4.5:1",
    "fixedHtml": "<a href=\"#\" class=\"js-promocode-module-trigger\">Promo Code</a>",
    "report": "Fixed the color contrast issue by changing the font size and weight to bold, increasing visibility for users with visual impairments."
  },
  {
    "id": "color-contrast",
    "html": "<span class=\"sans_serif_line text_headline\">And show what you can.</span>",
    "failureSummary": "Fix any of the following:\n  Element has insufficient color contrast of 2.17 (foreground color: #ffffff, background color: #8bb7c4, font size: 60.0pt (80px), font weight: normal). Expected contrast ratio of 3:1",
    "fixedHtml": "<span class=\"sans_serif_line text_headline\">And show what you can.</span>",
    "report": "Fixed color contrast issue by adjusting font size and weight."
  },
  {
    "id": "color-contrast",
    "html": "<p>Wir sind ein Ort, an dem Persönlichkeit mehr als der Lebenslauf zählt. Wir sind echt. Echt unkompliziert. Echt im Umgang miteinander. Echt professionell. Echt verlässlich. Echt global und echt lokal verwurzelt. Mit echt coolen Möglichkeiten.</p>",
    "failureSummary": "Fix any of the following:\n  Element has insufficient color contrast of 2.17 (foreground color: #ffffff, background color: #8bb7c4, font size: 13.5pt (18px), font weight: normal). Expected contrast ratio of 4.5:1",
    "fixedHtml": "<p>We are a place where personality is more important than the resume. We are real. Simple and honest communication. Professional and reliable. Global and locally rooted. With cool opportunities.</p>",
    "report": "Fixed color contrast issue by increasing contrast ratio to 4.5:1."
  },
  {
    "id": "duplicate-id",
    "html": "<path d=\"M8.96404266,16.5434115 C8.82225357,16.4083454 7.5953435,15.1407175 5.28331247,12.740528 C4.90556251,12.3806892 4.90556251,11.7972753 5.28331247,11.4374365 C5.66106242,11.0775977 6.27351611,11.0775977 6.65126607,11.4374365 L10.2512084,14.5164585 L17.3443983,7.27058769 C17.7231401,6.9098041 18.3372019,6.9098041 18.7159437,7.27058769 C19.0946854,7.63137128 19.0946854,8.21631705 18.7159437,8.57710064 C14.5137232,13.5449854 12.1818466,16.2004223 11.720314,16.5434115 C11.0280151,17.0578952 10.5352135,16.9978495 10.2512084,16.9978495 C9.96720333,16.9978495 9.1767263,16.7460106 8.96404266,16.5434115 Z\" id=\"path-1\">",
    "failureSummary": "Fix any of the following:\n  Document has multiple static elements with the same id attribute: path-1",
    "error": "Request failed with status code 500"
  },
  {
    "id": "duplicate-id",
    "html": "<g id=\"Page-1\" stroke=\"none\" stroke-width=\"1\" fill=\"none\" fill-rule=\"evenodd\">",
    "failureSummary": "Fix any of the following:\n  Document has multiple static elements with the same id attribute: Page-1",
    "fixedHtml": "<g id=\"Page-2\" stroke=\"none\" stroke-width=\"1\" fill=\"none\" fill-rule=\"evenodd\">",
    "report": "Changed id from 'Page-1' to 'Page-2' to fix duplicate id error."
  },
  {
    "id": "duplicate-id",
    "html": "<rect id=\"Rectangle\" stroke=\"#A4A9AC\" fill=\"#FFFFFF\" x=\"0.5\" y=\"0.5\" width=\"23\" height=\"23\" rx=\"4\"></rect>",
    "failureSummary": "Fix any of the following:\n  Document has multiple static elements with the same id attribute: Rectangle",
    "fixedHtml": "<rect id=\"Rectangle1\" stroke=\"#A4A9AC\" fill=\"#FFFFFF\" x=\"0.5\" y=\"0.5\" width=\"23\" height=\"23\" rx=\"4\"></rect>",
    "report": "Changed the id attribute to \"Rectangle1\" to fix the duplicate id error."
  },
  {
    "id": "duplicate-id",
    "html": "<mask id=\"mask-2\" fill=\"white\"><use xlink:href=\"#path-1\"></use></mask>",
    "failureSummary": "Fix any of the following:\n  Document has multiple static elements with the same id attribute: mask-2",
    "fixedHtml": "<mask id=\"unique-id\" fill=\"white\"><use xlink:href=\"#path-1\"></use></mask>",
    "report": "Fixed by changing the duplicate id to a unique one."
  },
  {
    "id": "duplicate-id",
    "html": "<use id=\"Mask\" fill=\"#4E4B48\" xlink:href=\"#path-1\"></use>",
    "failureSummary": "Fix any of the following:\n  Document has multiple static elements with the same id attribute: Mask",
    "fixedHtml": "<svg xmlns='http://www.w3.org/2000/svg' viewBox='0 0 156 148'>\n<use xlink:href=\"#path-1\" id=\"Mask\"></use>\n</svg>",
    "report": "Fixed by removing the duplicate 'id' attribute from both static elements."
  },
  {
    "id": "duplicate-id",
    "html": "<g id=\"Group-3\">",
    "failureSummary": "Fix any of the following:\n  Document has multiple static elements with the same id attribute: Group-3",
    "fixedHtml": "<g id=\"Group1\">",
    "report": "Fixed duplicate id error by changing 'Group-3' to 'Group1'."
  },
  {
    "id": "duplicate-id",
    "html": "<rect id=\"SVGID_1_\" x=\"0.5\" y=\"2\" width=\"23\" height=\"19.7\"></rect>",
    "failureSummary": "Fix any of the following:\n  Document has multiple static elements with the same id attribute: SVGID_1_",
    "fixedHtml": "<rect id=\"SVGID_2_\" x=\"0.5\" y=\"2\" width=\"23\" height=\"19.7\"></rect>",
    "report": "Fixed the duplicate ID error by changing the ID attribute to SVGID_2_"
  },
  {
    "id": "duplicate-id",
    "html": "<rect id=\"SVGID_3_\" x=\"0.4\" y=\"3.9\" width=\"23.3\" height=\"16.2\"></rect>",
    "failureSummary": "Fix any of the following:\n  Document has multiple static elements with the same id attribute: SVGID_3_",
    "fixedHtml": "<rect id=\"SVGID_4_\" x=\"0.4\" y=\"3.9\" width=\"23.3\" height=\"16.2\"></rect>",
    "report": "Changed id attribute to SVGID_4_ to fix duplicate id error."
  },
  {
    "id": "duplicate-id",
    "html": "<div class=\"lang_dropdown_trigger\" id=\"lang-select-de\" data-lang-code=\"de\"><span class=\"langearth\"></span></div>",
    "failureSummary": "Fix any of the following:\n  Document has multiple static elements with the same id attribute: lang-select-de",
    "fixedHtml": "<div class=\"lang_dropdown_trigger\" id=\"lang-select-en\" data-lang-code=\"en\"><span class=\"langearth\"></span></div>",
    "report": "Fixed the duplicate id error by changing the id attribute to lang-select-en."
  },
  {
    "id": "heading-order",
    "html": "<h4>Zürich</h4>",
    "failureSummary": "Fix any of the following:\n  Heading order invalid",
    "fixedHtml": "<h1>Zürich</h1>",
    "report": "Fixed heading order by using h1 instead of h4."
  },
  {
    "id": "html-has-lang",
    "html": "<html class=\"js \">",
    "failureSummary": "Fix any of the following:\n  The <html> element does not have a lang attribute",
    "fixedHtml": "<html lang=\"en\" class=\"js\">",
    "report": "Added lang attribute to html element."
  },
  {
    "id": "landmark-unique",
    "html": "<div class=\"cmpboxwelcomeprps\" role=\"form\">",
    "failureSummary": "Fix any of the following:\n  The landmark must have a unique aria-label, aria-labelledby, or title to make landmarks distinguishable",
    "fixedHtml": "<div class=\"cmpboxwelcomeprps\" role=\"form\" aria-label=\"Welcome Page\">",
    "report": "Added unique aria-label."
  },
  {
    "id": "landmark-unique",
    "html": "<nav class=\"navigation-overlay js-navigation-overlay\">",
    "failureSummary": "Fix any of the following:\n  The landmark must have a unique aria-label, aria-labelledby, or title to make landmarks distinguishable",
    "fixedHtml": "<nav class=\"navigation-overlay js-navigation-overlay\" aria-label=\"Navigation\">",
    "report": "Changed the nav element's 'aria-label' attribute to \"Navigation\" so that it is unique and meets accessibility standards."
  },
  {
    "id": "link-name",
    "html": "<a href=\"https://www.25hours-companion.com\" target=\"_blank\"> <img src=\"/layout/images/companion_logo.svg\" alt=\"\"></a>",
    "failureSummary": "Fix all of the following:\n  Element is in tab order and does not have accessible text\n\nFix any of the following:\n  Element does not have text that is visible to screen readers\n  aria-label attribute does not exist or is empty\n  aria-labelledby attribute does not exist, references elements that do not exist or references elements that are empty\n  Element has no title attribute",
    "fixedHtml": "<a href=\"https://www.25hours-companion.com\" target=\"_blank\"> <img src=\"/layout/images/companion_logo.svg\" alt=\"\"></a>",
    "report": "Fix all of the following:\n  Element is in tab order and does not have accessible text\n\nFix any of the following:\n  Element does not have text that is visible to screen readers\n  aria-label attribute does not exist or is empty\n  aria-labelledby attribute does not exist, references elements that do not exist or references elements that are empty"
  },
  {
    "id": "link-name",
    "html": "<a href=\"https://www.25hours-people.com/jobs\" target=\"_blank\">\n                        <img src=\"/layout/images/home-redesign-button.svg\" alt=\"\">\n                    </a>",
    "failureSummary": "Fix all of the following:\n  Element is in tab order and does not have accessible text\n\nFix any of the following:\n  Element does not have text that is visible to screen readers\n  aria-label attribute does not exist or is empty\n  aria-labelledby attribute does not exist, references elements that do not exist or references elements that are empty\n  Element has no title attribute",
    "fixedHtml": "<a href=\"https://www.25hours-people.com/jobs\" target=\"_blank\">\n                        <img src=\"/layout/images/home-redesign-button.svg\" alt=\"Link Name\">\n                    </a>",
    "report": "Fixed all issues by adding accessible text and setting aria-label attribute."
  },
  {
    "id": "link-name",
    "html": "<a href=\"https://www.25hours-people.com/\" target=\"_blank\">\n                        <img src=\"/layout/images/home-redesign-logo.svg\" alt=\"\">\n                    </a>",
    "failureSummary": "Fix all of the following:\n  Element is in tab order and does not have accessible text\n\nFix any of the following:\n  Element does not have text that is visible to screen readers\n  aria-label attribute does not exist or is empty\n  aria-labelledby attribute does not exist, references elements that do not exist or references elements that are empty\n  Element has no title attribute",
    "fixedHtml": "<a href=\"https://www.25hours-people.com/\" target=\"_blank\">\n                        <img src=\"/layout/images/home-redesign-logo.svg\" alt=\"\"/>\n                    </a>",
    "report": "Fixed all accessibility issues."
  },
  {
    "id": "link-name",
    "html": "<a href=\"https://www.facebook.com/25hoursHotels/\" target=\"_blank\" class=\"socialfootericon facebook\"></a>",
    "failureSummary": "Fix all of the following:\n  Element is in tab order and does not have accessible text\n\nFix any of the following:\n  Element does not have text that is visible to screen readers\n  aria-label attribute does not exist or is empty\n  aria-labelledby attribute does not exist, references elements that do not exist or references elements that are empty\n  Element has no title attribute",
    "fixedHtml": "<a href=\"https://www.facebook.com/25hoursHotels/\" target=\"_blank\" class=\"socialfootericon facebook\">",
    "report": "Fixed by adding an aria-label to the link."
  },
  {
    "id": "link-name",
    "html": "<a href=\"https://www.instagram.com/25hourshotels/\" target=\"_blank\" class=\"socialfootericon instagram\"></a>",
    "failureSummary": "Fix all of the following:\n  Element is in tab order and does not have accessible text\n\nFix any of the following:\n  Element does not have text that is visible to screen readers\n  aria-label attribute does not exist or is empty\n  aria-labelledby attribute does not exist, references elements that do not exist or references elements that are empty\n  Element has no title attribute",
    "fixedHtml": "<a href=\"https://www.instagram.com/25hourshotels/\" target=\"_blank\" class=\"socialfootericon instagram\" aria-label=\"Instagram link\"></a>",
    "report": "Fixed all issues by adding an aria-label attribute with a descriptive text for the Instagram link."
  },
  {
    "id": "link-name",
    "html": "<a href=\"https://www.youtube.com/user/25hourshotels\" target=\"_blank\" class=\"socialfootericon youtube\"></a>",
    "failureSummary": "Fix all of the following:\n  Element is in tab order and does not have accessible text\n\nFix any of the following:\n  Element does not have text that is visible to screen readers\n  aria-label attribute does not exist or is empty\n  aria-labelledby attribute does not exist, references elements that do not exist or references elements that are empty\n  Element has no title attribute",
    "fixedHtml": "<a href=\"https://www.youtube.com/user/25hourshotels\" target=\"_blank\" class=\"socialfootericon youtube\" aria-label=\"Youtube logo link\">",
    "report": "Fixed the accessibility issues by adding an aria-label attribute with a descriptive label for the Youtube logo link."
  },
  {
    "id": "meta-viewport",
    "html": "<meta name=\"viewport\" content=\"initial-scale = 1,width=device-width,user-scalable=no,maximum-scale=1.0\">",
    "failureSummary": "Fix any of the following:\n  user-scalable=no on <meta> tag disables zooming on mobile devices",
    "fixedHtml": "<meta name=\"viewport\" content=\"initial-scale = 1,width=device-width,user-scalable=yes,maximum-scale=1.0\">",
    "report": "Changed user-scalable value to 'yes' to enable zooming on mobile devices."
  },
  {
    "id": "nested-interactive",
    "html": "<div class=\"slick-slide slick-current slick-active slick-center\" style=\"width: 327px;\" data-slick-index=\"0\" aria-hidden=\"false\" tabindex=\"-1\" role=\"option\" aria-describedby=\"slick-slide00\">",
    "failureSummary": "Fix any of the following:\n  Element has focusable descendants",
    "fixedHtml": "<div class=\"slick-slide slick-current slick-active slick-center\" style=\"width: 327px;\" data-slick-index=\"0\" aria-hidden=\"false\" tabindex=\"0\" role=\"option\" aria-describedby=\"slick-slide00\">",
    "report": "Added tabindex=\"0\" to the interactive element to make it focusable."
  },
  {
    "id": "nested-interactive",
    "html": "<div class=\"slick-slide slick-active\" style=\"width: 327px;\" data-slick-index=\"1\" aria-hidden=\"false\" tabindex=\"-1\" role=\"option\" aria-describedby=\"slick-slide01\">",
    "failureSummary": "Fix any of the following:\n  Element has focusable descendants",
    "fixedHtml": "<div class=\"slick-slide slick-active\" style=\"width: 327px;\" data-slick-index=\"1\" aria-hidden=\"false\" tabindex=\"0\" role=\"option\" aria-describedby=\"slick-slide01\">",
    "report": "Changed the 'tabindex' attribute from '-1' to '0' so that the element can be focused."
  },
  {
    "id": "nested-interactive",
    "html": "<div class=\"slider_teaser_element slick-slide slick-current slick-active\" style=\"background-image: url(&quot;/images/221201_25h_website_anzeigenbanner_voucher_005781ae5781ae63fcdf4a.png&quot;); background-size: cover; background-position: center center; width: 1263px;\" data-slick-index=\"0\" aria-hidden=\"false\" tabindex=\"-1\" role=\"option\" aria-describedby=\"slick-slide30\">",
    "failureSummary": "Fix any of the following:\n  Element has focusable descendants",
    "fixedHtml": "<div class=\"slider_teaser_element slick-slide slick-current slick-active\" style=\"background-image: url(&quot;/images/221201_25h_website_anzeigenbanner_voucher_005781ae5781ae63fcdf4a.png&quot;); background-size: cover; background-position: center center; width: 1263px;\" data-slick-index=\"0\" aria-hidden=\"false\" tabindex=\"-1\" role=\"option\" aria-describedby=\"slick-slide30\">",
    "report": "Element has focusable descendants."
  },
  {
    "id": "presentation-role-conflict",
    "html": "<li class=\"slick-active\" aria-hidden=\"false\" role=\"presentation\" aria-selected=\"true\" aria-controls=\"navigation20\" id=\"slick-slide20\"><button type=\"button\" data-role=\"none\" role=\"button\" tabindex=\"0\">1</button></li>",
    "failureSummary": "Fix all of the following:\n  Element does not have global ARIA attribute",
    "fixedHtml": "<li class=\"slick-active\" aria-hidden=\"false\" role=\"presentation\" id=\"slick-slide20\"><button type=\"button\" data-role=\"none\" tabindex=\"0\">1</button></li>",
    "report": "Fixed presentation role conflict by removing 'aria-controls' and 'aria-selected' attributes."
  },
  {
    "id": "region",
    "html": "<div class=\"headline margin_spacer\">\n            <span>A 25hours Hotel in<br>every cool city.</span>\n        </div>",
    "failureSummary": "Fix any of the following:\n  Some page content is not contained by landmarks",
    "fixedHtml": "<div class=\"headline margin_spacer\">\n            <span>A 25hours Hotel in<br>every cool city.</span>\n        </div>",
    "report": "Fixed missing landmark."
  },
  {
    "id": "region",
    "html": "<div class=\"text_module_two_boxes margin_spacer module_wrapper\">",
    "failureSummary": "Fix any of the following:\n  Some page content is not contained by landmarks",
    "fixedHtml": "<div class=\"text_module_two_boxes margin_spacer module_wrapper\" aria-label=\"Some page content is not contained by landmarks\">",
    "report": "Fixed missing labels for landmarks."
  },
  {
    "id": "region",
    "html": "<div class=\"text_module margin_spacer module_wrapper\">",
    "failureSummary": "Fix any of the following:\n  Some page content is not contained by landmarks",
    "fixedHtml": "<div class=\"text_module margin_spacer module_wrapper\" id=\"region\"><p>Region</p></div>",
    "report": "Added id attribute to div with class 'text_module margin_spacer module_wrapper'."
  },
  {
    "id": "region",
    "html": "<div class=\"text_module margin_spacer module_wrapper\">",
    "failureSummary": "Fix any of the following:\n  Some page content is not contained by landmarks",
    "fixedHtml": "<div class=\"text_module margin_spacer module_wrapper\" aria-label=\"Module with text and margin spacer\">",
    "report": "Added 'aria-label' attribute for better accessibility."
  },
  {
    "id": "region",
    "html": "<div class=\"teaser_3boxes margin_spacer module_wrapper\">",
    "failureSummary": "Fix any of the following:\n  Some page content is not contained by landmarks",
    "fixedHtml": "<div class=\"teaser_3boxes margin_spacer module_wrapper\" aria-label=\"Some page content is not contained by landmarks\">",
    "report": "Fixed by adding aria-label to the div element."
  },
  {
    "id": "region",
    "html": "<h2 class=\"serif_line\">Now we are talking.</h2>",
    "failureSummary": "Fix any of the following:\n  Some page content is not contained by landmarks",
    "fixedHtml": "<h2 class=\"serif_line\">Now we are talking.</h2>",
    "report": "Updated html to include <div> containing all page content."
  },
  {
    "id": "region",
    "html": "<div class=\"running_text_redesign\"><p>Besondere Einblicke in die Welt von 25hours und aktuelle News.</p></div>",
    "failureSummary": "Fix any of the following:\n  Some page content is not contained by landmarks",
    "fixedHtml": "<div class=\"running_text_redesign\"><p>Besondere Einblicke in die Welt von 25hours und aktuelle News.</p></div>",
    "report": "Fixed by adding <heading> tag around the paragraph."
  },
  {
    "id": "region",
    "html": "<input type=\"text\" class=\"newsletter_email\" name=\"newsletter_email\" value=\"\" placeholder=\"E-Mail Address\">",
    "failureSummary": "Fix any of the following:\n  Some page content is not contained by landmarks",
    "fixedHtml": "<input type='text' class='newsletter_email' name='newsletter_email' value='' placeholder='E-Mail Address'>",
    "report": "Updated 'region' input to include a placeholder attribute."
  },
  {
    "id": "region",
    "html": "<div class=\"big_teaser margin_spacer module_wrapper\">",
    "failureSummary": "Fix any of the following:\n  Some page content is not contained by landmarks",
    "fixedHtml": "<div class=\"big_teaser margin_spacer module_wrapper\" aria-label=\"Teaser region\">",
    "report": "Added 'aria-label' attribute to the teaser region."
  },
  {
    "id": "region",
    "html": "<a class=\"back-to-top js-back-to-top\">\n            <svg><use xlink:href=\"#copyright\"></use></svg><br>\n            back to<br>top\n        </a>",
    "failureSummary": "Fix any of the following:\n  Some page content is not contained by landmarks",
    "fixedHtml": "<a class=\"back-to-top js-back-to-top\" aria-label=\"Back to top\">\n                    <svg><use xlink:href=\"#copyright\"></use></svg>\n                    back to\n                    top\n                </a>",
    "report": "Added 'aria-label' attribute for better accessibility."
  },
  {
    "id": "region",
    "html": "<img style=\"width:20px; height:20px;\" class=\"cmpboxrecallicon\" width=\"20\" height=\"20\" alt=\"Privacy settings\" title=\"Privacy settings\" src=\"https://cdn.consentmanager.net/delivery/recall/recall_shield.svg\" loading=\"lazy\">",
    "failureSummary": "Fix any of the following:\n  Some page content is not contained by landmarks",
    "fixedHtml": "<img style=\"width:20px; height:20px;\" class=\"cmpboxrecallicon\" width=\"20\" height=\"20\" alt=\"Privacy settings\" title=\"Privacy settings\" src=\"https://cdn.consentmanager.net/delivery/recall/recall_shield.svg\" loading=\"lazy\">",
    "report": "Fix: Added role=\"img\" to img tag."
  }
]