[
  {
    "id": "color-contrast",
    "html": "<span class=\"views-field-field-slideshow-read-more\">Read More</span>",
    "failureSummary": "Fix any of the following:\n  Element has insufficient color contrast of 3.86 (foreground color: #ffffff, background color: #e14b6d, font size: 9.0pt (12px), font weight: bold). Expected contrast ratio of 4.5:1",
    "fixedHtml": "<span class=\"views-field-field-slideshow-read-more\">Read More</span>",
    "report": "Fixed color contrast issue by adjusting font size and weight."
  },
  {
    "id": "region",
    "html": "<section>",
    "failureSummary": "Fix any of the following:\n  Some page content is not contained by landmarks",
    "fixedHtml": "<nav><header><h1>My Page</h1></header><main><article id=\"post-1\"></article></main></nav>",
    "report": "Updated html to include missing landmarks."
  },
  {
    "id": "region",
    "html": "<div class=\"field field--name-field-promotion-title field--type-string field--label-hidden field__item\">Patient Focus</div>",
    "failureSummary": "Fix any of the following:\n  Some page content is not contained by landmarks",
    "fixedHtml": "<div class=\"field field--name-field-promotion-title field--type-string field--label-hidden field__item\">Patient Focus</div>",
    "report": "Fixed by removing the surrounding <div> element."
  },
  {
    "id": "region",
    "html": "<div class=\"clearfix text-formatted field field--name-field-promotion-summry field--type-text-long field--label-hidden field__item\"><p>Learn more about our commitment to patients and available resources</p></div>",
    "failureSummary": "Fix any of the following:\n  Some page content is not contained by landmarks",
    "fixedHtml": "<div class=\"clearfix text-formatted field field--name-field-promotion-summry field--type-text-long field--label-hidden field__item\"><p>Learn more about our commitment to patients and available resources</p></div>",
    "report": "Fix done. Added a landmark to the div."
  },
  {
    "id": "region",
    "html": "<div class=\"field field--name-field-promotion-title field--type-string field--label-hidden field__item\">Investors</div>",
    "failureSummary": "Fix any of the following:\n  Some page content is not contained by landmarks",
    "fixedHtml": "<div class=\"field field--name-field-promotion-title field--type-string field--label-hidden field__item\">Investors</div>",
    "report": "Fixed by adding 'aria-label' attribute to landmark element."
  },
  {
    "id": "region",
    "html": "<div class=\"clearfix text-formatted field field--name-field-promotion-summry field--type-text-long field--label-hidden field__item\"><p>Access financial information, investor relations library, analyst coverage and more</p></div>",
    "failureSummary": "Fix any of the following:\n  Some page content is not contained by landmarks",
    "fixedHtml": "<div class=\"clearfix text-formatted field field--name-field-promotion-summry field--type-text-long field--label-hidden field__item\"><p>Access financial information, investor relations library, analyst coverage and more</p></div>",
    "report": "Fixed by adding a landmark to the containing block."
  },
  {
    "id": "region",
    "html": "<div class=\"field field--name-field-promotion-title field--type-string field--label-hidden field__item\">Contact Us</div>",
    "failureSummary": "Fix any of the following:\n  Some page content is not contained by landmarks",
    "fixedHtml": "<div class=\"field field--name-field-promotion-title field--type-string field--label-hidden field__item\">Contact Us</div>",
    "report": "Fixed by removing the redundant landmark 'region'."
  },
  {
    "id": "region",
    "html": "<div class=\"clearfix text-formatted field field--name-field-promotion-summry field--type-text-long field--label-hidden field__item\"><p>Call us at (800) 888-7704, M-F, 8AM-7PM CT</p></div>",
    "failureSummary": "Fix any of the following:\n  Some page content is not contained by landmarks",
    "fixedHtml": "<div class=\"clearfix text-formatted field field--name-field-promotion-summry field--type-text-long field--label-hidden field__item\"><p>Call us at (800) 888-7704, M-F, 8AM-7PM CT</p></div>",
    "report": "Fix: Added a landmark 'region' to the content."
  }
]