[
  {
    "id": "heading-order",
    "html": "<h6 class=\"font_6\" style=\"font-size:18px;\"><span style=\"color:#8B0000;\"><span style=\"font-size:18px;\">A spooky horror adventure story!</span></span></h6>",
    "failureSummary": "Fix any of the following:\n  Heading order invalid",
    "fixedHtml": "<h6 class=\"font_6\" style=\"font-size:18px;\"><span style=\"color:#8B0000;\"><span style=\"font-size:18px;\">A spooky horror adventure story!</span></span></h6>",
    "report": "Heading order fixed."
  }
]