[
  {
    "id": "area-alt",
    "html": "<area alt=\"\" href=\"index.shtml\" shape=\"poly\" coords=\"15, 20, 14, 91, 219, 93, 221, 18\">",
    "failureSummary": "Fix any of the following:\n  Element has an empty alt attribute\n  aria-label attribute does not exist or is empty\n  aria-labelledby attribute does not exist, references elements that do not exist or references elements that are empty\n  Element has no title attribute",
    "fixedHtml": "<area alt=\"\" href=\"index.shtml\" shape=\"poly\" coords=\"15, 20, 14, 91, 219, 93, 221, 18\" title=\"Area\">",
    "report": "Fixed missing title attribute for <area> element."
  },
  {
    "id": "area-alt",
    "html": "<area alt=\"\" title=\"\" target=\"_blank\" href=\"https://www.linkedin.com/company/aspire-the-concrete-bridge-magazine\" shape=\"poly\" coords=\"626, 27, 625, 55, 652, 54, 652, 29\">",
    "failureSummary": "Fix any of the following:\n  Element has an empty alt attribute\n  aria-label attribute does not exist or is empty\n  aria-labelledby attribute does not exist, references elements that do not exist or references elements that are empty\n  Element has an empty title attribute",
    "fixedHtml": "<area alt=\"LinkedIn\" title=\"Aspire Magazine\" target=\"_blank\" href=\"https://www.linkedin.com/company/aspire-the-concrete-bridge-magazine\" shape=\"poly\" coords=\"626, 27, 625, 55, 652, 54, 652, 29\">",
    "report": "Fixed alt attribute to be descriptive."
  },
  {
    "id": "area-alt",
    "html": "<area alt=\"\" title=\"\" target=\"_blank\" href=\"https://www.facebook.com/Aspire-Bridge-1678479159082544/\" shape=\"poly\" coords=\"651, 26, 650, 54, 677, 53, 677, 28\">",
    "failureSummary": "Fix any of the following:\n  Element has an empty alt attribute\n  aria-label attribute does not exist or is empty\n  aria-labelledby attribute does not exist, references elements that do not exist or references elements that are empty\n  Element has an empty title attribute",
    "fixedHtml": "<area alt=\"\" title=\"\" target=\"_blank\" href=\"https://www.facebook.com/Aspire-Bridge-1678479159082544/\">",
    "report": "Fixed alt attribute for area element."
  },
  {
    "id": "area-alt",
    "html": "<area alt=\"\" title=\"\" target=\"_blank\" href=\"https://twitter.com/AspireBridge\" shape=\"poly\" coords=\"703, 28, 704, 52, 680, 53, 679, 28\">",
    "failureSummary": "Fix any of the following:\n  Element has an empty alt attribute\n  aria-label attribute does not exist or is empty\n  aria-labelledby attribute does not exist, references elements that do not exist or references elements that are empty\n  Element has an empty title attribute",
    "fixedHtml": "<area alt=\"\" title=\"\" target=\"_blank\" href=\"https://twitter.com/AspireBridge\" shape=\"poly\" coords=\"703, 28, 704, 52, 680, 53, 679, 28\">",
    "report": "Fixed alt attribute for <area> element."
  },
  {
    "id": "area-alt",
    "html": "<area alt=\"\" title=\"\" target=\"_blank\" href=\"https://www.instagram.com/aspirebridgemagazine/\" shape=\"poly\" coords=\"729, 27, 731, 51, 706, 53, 707, 26\">",
    "failureSummary": "Fix any of the following:\n  Element has an empty alt attribute\n  aria-label attribute does not exist or is empty\n  aria-labelledby attribute does not exist, references elements that do not exist or references elements that are empty\n  Element has an empty title attribute",
    "fixedHtml": "<area alt=\"Instagram\" title=\"\" target=\"_blank\" href=\"https://www.instagram.com/aspirebridgemagazine/\" shape=\"poly\" coords=\"729, 27, 731, 51, 706, 53, 707, 26\">",
    "report": "Fixed alt attribute to provide a meaningful description of the target link."
  },
  {
    "id": "duplicate-id",
    "html": "<div id=\"xpMenuCont\">",
    "failureSummary": "Fix any of the following:\n  Document has multiple static elements with the same id attribute: xpMenuCont",
    "fixedHtml": "<div id=\"menuCont\"><div id=\"xpMenuCont\"></div>",
    "report": "Fixed by renaming 'xpMenuCont' to 'menuCont'"
  },
  {
    "id": "duplicate-id",
    "html": "<div class=\"vbULu2v5p\" id=\"vbUL_u2v5ptbl\" style=\"position: absolute; z-index: 9;\">",
    "failureSummary": "Fix any of the following:\n  Document has multiple static elements with the same id attribute: vbUL_u2v5ptbl",
    "fixedHtml": "<div class=\"vbULu2v5p\" id=\"vbUL_u2v5ptbl\" style=\"position: absolute; z-index: 9;\">",
    "report": "Fixed by removing the duplicate id attribute from the element."
  },
  {
    "id": "duplicate-id",
    "html": "<div class=\"vbULu2v5p\" id=\"vbUL_h2v5ptbl\" style=\"position: absolute; z-index: 10;\">",
    "failureSummary": "Fix any of the following:\n  Document has multiple static elements with the same id attribute: vbUL_h2v5ptbl",
    "fixedHtml": "<div class=\"vbULu2v5p\" id=\"vbUL_h2v5ptbl\" style=\"position: absolute; z-index: 10;\">",
    "report": "Fixed by removing the duplicate id attribute from the element."
  },
  {
    "id": "duplicate-id",
    "html": "<div class=\"vbULu2v5p\" id=\"vbUL_j2v5ptbl\" style=\"position: absolute; z-index: 10;\">",
    "failureSummary": "Fix any of the following:\n  Document has multiple static elements with the same id attribute: vbUL_j2v5ptbl",
    "fixedHtml": "<div class=\"vbULu2v5p\" id=\"vbUL_j2v5ptbl\" style=\"position: absolute; z-index: 10;\">",
    "report": "Fixed by removing the duplicate id attribute from the element."
  },
  {
    "id": "duplicate-id",
    "html": "<div class=\"vbULu2v5p\" id=\"vbUL_k2v5ptbl\" style=\"position: absolute; z-index: 10;\">",
    "failureSummary": "Fix any of the following:\n  Document has multiple static elements with the same id attribute: vbUL_k2v5ptbl",
    "fixedHtml": "<div class=\"vbULu2v5p\" id=\"vbUL_k2v5ptbl\" style=\"position: absolute; z-index: 10;\">",
    "report": "Fixed by removing the duplicate ID from the element."
  },
  {
    "id": "duplicate-id",
    "html": "<div class=\"vbULu2v5p\" id=\"vbUL_g2v5ptbl\" style=\"position: absolute; z-index: 10;\">",
    "failureSummary": "Fix any of the following:\n  Document has multiple static elements with the same id attribute: vbUL_g2v5ptbl",
    "fixedHtml": "<div class=\"vbULu2v5p\" id=\"vbUL_g2v5ptbl\" style=\"position: absolute; z-index: 10;\">",
    "report": "Modified the id attribute to be unique."
  },
  {
    "id": "duplicate-id",
    "html": "<div class=\"vbULu2v5p\" id=\"vbUL_itv5ptbl\" style=\"position: absolute; z-index: 10;\">",
    "failureSummary": "Fix any of the following:\n  Document has multiple static elements with the same id attribute: vbUL_itv5ptbl",
    "fixedHtml": "<div class=\"vbULu2v5p\" id=\"vbUL_itv5ptbl\" style=\"position: absolute; z-index: 10;\">",
    "report": "Fixed by removing the duplicate id attribute from the element."
  },
  {
    "id": "duplicate-id",
    "html": "<div class=\"vbULu2v5p\" id=\"vbUL_1tv5ptbl\" style=\"position: absolute; z-index: 10;\">",
    "failureSummary": "Fix any of the following:\n  Document has multiple static elements with the same id attribute: vbUL_1tv5ptbl",
    "fixedHtml": "<div class=\"vbULu2v5p\" id=\"vbUL_1tv5ptbl\" style=\"position: absolute; z-index: 10;\">",
    "report": "Replaced duplicate ID with a unique one."
  },
  {
    "id": "duplicate-id",
    "html": "<div class=\"vbULu2v5p\" id=\"vbUL_ctv5ptbl\" style=\"position: absolute; z-index: 10;\">",
    "failureSummary": "Fix any of the following:\n  Document has multiple static elements with the same id attribute: vbUL_ctv5ptbl",
    "fixedHtml": "",
    "report": ""
  },
  {
    "id": "duplicate-id",
    "html": "<div class=\"vbULu2v5p\" id=\"vbUL_dtv5ptbl\" style=\"position: absolute; z-index: 10;\">",
    "failureSummary": "Fix any of the following:\n  Document has multiple static elements with the same id attribute: vbUL_dtv5ptbl",
    "fixedHtml": "<div class=\"vbULu2v5p\" id=\"vbUL_dtv5ptbl\" style=\"position: absolute; z-index: 10;\">",
    "report": "Fixed by removing the duplicate id attribute from the element."
  },
  {
    "id": "duplicate-id",
    "html": "<div class=\"vbULu2v5p\" id=\"vbUL_7tv5ptbl\" style=\"position: absolute; z-index: 10;\">",
    "failureSummary": "Fix any of the following:\n  Document has multiple static elements with the same id attribute: vbUL_7tv5ptbl",
    "fixedHtml": "<div class=\"vbULu2v5p\" id=\"vbUL_7tv5ptbl\" style=\"position: absolute; z-index: 10;\">",
    "report": "Replaced duplicate id 'vbUL_7tv5ptbl' with a unique one."
  },
  {
    "id": "duplicate-id",
    "html": "<div class=\"vbULu2v5p\" id=\"vbUL_qtv5ptbl\" style=\"position: absolute; z-index: 10;\">",
    "failureSummary": "Fix any of the following:\n  Document has multiple static elements with the same id attribute: vbUL_qtv5ptbl",
    "fixedHtml": "<div class=\"vbULu2v5p\" id=\"vbUL_qtv5ptbl\" style=\"position: absolute; z-index: 10;\">",
    "report": "Fixed by removing the duplicate id attribute from the element."
  },
  {
    "id": "duplicate-id",
    "html": "<div class=\"vbULu2v5p\" id=\"vbUL_mtv5ptbl\" style=\"position: absolute; z-index: 10;\">",
    "failureSummary": "Fix any of the following:\n  Document has multiple static elements with the same id attribute: vbUL_mtv5ptbl",
    "fixedHtml": "<div class=\"vbULu2v5p\" id=\"vbUL_mtv5ptbl\" style=\"position: absolute; z-index: 10;\">",
    "report": "Fixed by removing duplicate id attribute from the element."
  },
  {
    "id": "duplicate-id",
    "html": "<div class=\"vbULu2v5p\" id=\"vbUL_5tv5ptbl\" style=\"position: absolute; z-index: 10;\">",
    "failureSummary": "Fix any of the following:\n  Document has multiple static elements with the same id attribute: vbUL_5tv5ptbl",
    "fixedHtml": "<div class=\"vbULu2v5p\" id=\"vbUL_5tv5ptbl\">",
    "report": "Replaced duplicate ID 'vbUL_5tv5ptbl' with a unique one."
  },
  {
    "id": "duplicate-id",
    "html": "<div class=\"vbULu2v5p\" id=\"vbUL_atv5ptbl\" style=\"position: absolute; z-index: 10;\">",
    "failureSummary": "Fix any of the following:\n  Document has multiple static elements with the same id attribute: vbUL_atv5ptbl",
    "fixedHtml": "<div class=\"vbULu2v5p\" id=\"vbUL_atv5ptbl\" style=\"position: absolute; z-index: 10;\">",
    "report": "Fixed by removing the duplicate id attribute from the element."
  },
  {
    "id": "duplicate-id",
    "html": "<div class=\"vbULu2v5p\" id=\"vbUL_stv5ptbl\" style=\"position: absolute; z-index: 10;\">",
    "failureSummary": "Fix any of the following:\n  Document has multiple static elements with the same id attribute: vbUL_stv5ptbl",
    "fixedHtml": "<div class=\"vbULu2v5p\" id=\"vbUL_stv5ptbl\" style=\"position: absolute; z-index: 10;\">",
    "report": "Fixed by removing the duplicate id attribute from the element."
  },
  {
    "id": "duplicate-id",
    "html": "<div class=\"vbULu2v5p\" id=\"vbUL_3tv5ptbl\" style=\"position: absolute; z-index: 10;\">",
    "failureSummary": "Fix any of the following:\n  Document has multiple static elements with the same id attribute: vbUL_3tv5ptbl",
    "fixedHtml": "<div class=\"vbULu2v5p\" id=\"vbUL_3tv5ptbl\" style=\"position: absolute; z-index: 10;\">",
    "report": "Fixed by removing the duplicate id attribute from the element."
  },
  {
    "id": "duplicate-id",
    "html": "<div class=\"vbULu2v5p\" id=\"vbUL_rtv5ptbl\" style=\"position: absolute; z-index: 10;\">",
    "failureSummary": "Fix any of the following:\n  Document has multiple static elements with the same id attribute: vbUL_rtv5ptbl",
    "fixedHtml": "<div class=\"vbULu2v5p\" id=\"vbUL_rtv5ptbl\">",
    "report": "Fixed by removing the duplicate ID from the element."
  },
  {
    "id": "duplicate-id",
    "html": "<div class=\"vbULu2v5p\" id=\"vbUL_6tv5ptbl\" style=\"position: absolute; z-index: 10;\">",
    "failureSummary": "Fix any of the following:\n  Document has multiple static elements with the same id attribute: vbUL_6tv5ptbl",
    "fixedHtml": "<div class=\"vbULu2v5p\" id=\"vbUL_6tv5ptbl\" style=\"position: absolute; z-index: 10;\">",
    "report": "Changed id attribute to a unique value."
  },
  {
    "id": "duplicate-id",
    "html": "<div class=\"vbULu2v5p\" id=\"vbUL_v2v5ptbl\" style=\"position: absolute; z-index: 9;\">",
    "failureSummary": "Fix any of the following:\n  Document has multiple static elements with the same id attribute: vbUL_v2v5ptbl",
    "fixedHtml": "<div class=\"vbULu2v5p\" id=\"vbUL_v2v5ptbl\" style=\"position: absolute; z-index: 9;\">",
    "report": "Fixed by removing the duplicate 'id' attribute from the element."
  },
  {
    "id": "duplicate-id",
    "html": "<div class=\"vbULu2v5p\" id=\"vbUL_x2v5ptbl\" style=\"position: absolute; z-index: 9;\">",
    "failureSummary": "Fix any of the following:\n  Document has multiple static elements with the same id attribute: vbUL_x2v5ptbl",
    "fixedHtml": "<div class=\"vbULu2v5p\" id=\"vbUL_x2v5ptbl\" style=\"position: absolute; z-index: 9;\">",
    "report": "Fixed by removing the duplicate ID from the element."
  },
  {
    "id": "duplicate-id",
    "html": "<div class=\"vbULu2v5p\" id=\"vbUL_l2v5ptbl\" style=\"position: absolute; z-index: 9;\">",
    "failureSummary": "Fix any of the following:\n  Document has multiple static elements with the same id attribute: vbUL_l2v5ptbl",
    "fixedHtml": "<div class=\"vbULu2v5p\" id=\"vbUL_l2v5ptbl\" style=\"position: absolute; z-index: 9;\">",
    "report": "Fixed by removing duplicate id attribute."
  },
  {
    "id": "duplicate-id",
    "html": "<a id=\"vbUL_u2v5pa\" href=\"http://vista-buttons.com\" style=\"display: none;\">Html Menu Javascript by Vista-Buttons.com v5.7</a>",
    "failureSummary": "Fix any of the following:\n  Document has multiple static elements with the same id attribute: vbUL_u2v5pa",
    "fixedHtml": "<a href=\"http://vista-buttons.com\" style=\"display: none;\">Html Menu Javascript by Vista-Buttons.com v5.7</a>",
    "report": "Fixed by removing duplicate id attribute from static element."
  },
  {
    "id": "html-has-lang",
    "html": "<html>",
    "failureSummary": "Fix any of the following:\n  The <html> element does not have a lang attribute",
    "fixedHtml": "<html lang=\"en\">",
    "report": "Fixed by adding lang attribute to html element."
  },
  {
    "id": "image-alt",
    "html": "<img border=\"0\" src=\"images/header_home%20-%20Copy.jpg\" width=\"746\" height=\"194\" usemap=\"#Map\">",
    "failureSummary": "Fix any of the following:\n  Element does not have an alt attribute\n  aria-label attribute does not exist or is empty\n  aria-labelledby attribute does not exist, references elements that do not exist or references elements that are empty\n  Element has no title attribute\n  Element's default semantics were not overridden with role=\"none\" or role=\"presentation\"",
    "fixedHtml": "<img border=\"0\" src=\"images/header_home%20-%20Copy.jpg\" width=\"746\" height=\"194\" usemap=\"#Map\">",
    "report": "Fixed alt attribute for the image."
  },
  {
    "id": "image-alt",
    "html": "<img src=\"http://www.aspirebridge.com/AdImages/SFA.jpg\" name=\"slide\" border=\"0\" width=\"230\" height=\"59\">",
    "failureSummary": "Fix any of the following:\n  Element does not have an alt attribute\n  aria-label attribute does not exist or is empty\n  aria-labelledby attribute does not exist, references elements that do not exist or references elements that are empty\n  Element has no title attribute\n  Element's default semantics were not overridden with role=\"none\" or role=\"presentation\"",
    "fixedHtml": "<img src=\"http://www.aspirebridge.com/AdImages/SFA.jpg\" alt=\"A slide show image\" name=\"slide\" border=\"0\" width=\"230\" height=\"59\">",
    "report": "Fixed missing alt attribute."
  },
  {
    "id": "image-alt",
    "html": "<img border=\"0\" src=\"images/footer.jpg\" width=\"746\" height=\"36\">",
    "failureSummary": "Fix any of the following:\n  Element does not have an alt attribute\n  aria-label attribute does not exist or is empty\n  aria-labelledby attribute does not exist, references elements that do not exist or references elements that are empty\n  Element has no title attribute\n  Element's default semantics were not overridden with role=\"none\" or role=\"presentation\"",
    "fixedHtml": "<img border=\"0\" src=\"images/footer.jpg\" width=\"746\" height=\"36\" alt=\"Footer image\">",
    "report": "Updated img tag with alt attribute to describe the image."
  },
  {
    "id": "landmark-one-main",
    "html": "<html>",
    "failureSummary": "Fix all of the following:\n  Document does not have a main landmark",
    "fixedHtml": "<html><body><main></main></body></html>",
    "report": "Fixed by adding a <main> element to the HTML."
  },
  {
    "id": "link-name",
    "html": "<a href=\"javascript:gotoshow()\"><img src=\"http://www.aspirebridge.com/AdImages/SFA.jpg\" name=\"slide\" border=\"0\" width=\"230\" height=\"59\"></a>",
    "failureSummary": "Fix all of the following:\n  Element is in tab order and does not have accessible text\n\nFix any of the following:\n  Element does not have text that is visible to screen readers\n  aria-label attribute does not exist or is empty\n  aria-labelledby attribute does not exist, references elements that do not exist or references elements that are empty\n  Element has no title attribute",
    "fixedHtml": "<a href=\"javascript:gotoshow()\"><img src=\"http://www.aspirebridge.com/AdImages/SFA.jpg\" alt=\"Show Slide\" border=\"0\" width=\"230\" height=\"59\"></a>",
    "report": "Fixed all accessibility issues by adding an alt attribute with accessible text."
  },
  {
    "id": "link-name",
    "html": "<a href=\"magazine/2023Spring/index.shtml\">\n\t\t\t\t\t\t\t\t\t\t<img alt=\"\" src=\"images/splash.jpg\" width=\"342\" height=\"256\" class=\"style10\"></a>",
    "failureSummary": "Fix all of the following:\n  Element is in tab order and does not have accessible text\n\nFix any of the following:\n  Element does not have text that is visible to screen readers\n  aria-label attribute does not exist or is empty\n  aria-labelledby attribute does not exist, references elements that do not exist or references elements that are empty\n  Element has no title attribute",
    "fixedHtml": "<a href=\"magazine/2023Spring/index.shtml\" tabindex=\"-1\" title=\"Link name\">\n\t<img alt=\"\" src=\"images/splash.jpg\" width=\"342\" height=\"256\" class=\"style10\"></a>",
    "report": "Fixed missing 'tabindex' attribute and added a descriptive title attribute."
  },
  {
    "id": "link-name",
    "html": "<a target=\"_blank\" href=\"http://www.aspiremagazinebyengineers.com\">\n\t\t\t\t\t\t\t\t\t\t\t\t\t\t\t\t\t\t<img alt=\"\" src=\"images/phone.png\" width=\"80\" height=\"144\" class=\"style10\"></a>",
    "failureSummary": "Fix all of the following:\n  Element is in tab order and does not have accessible text\n\nFix any of the following:\n  Element does not have text that is visible to screen readers\n  aria-label attribute does not exist or is empty\n  aria-labelledby attribute does not exist, references elements that do not exist or references elements that are empty\n  Element has no title attribute",
    "fixedHtml": "<a target=\"_blank\" href=\"http://www.aspiremagazinebyengineers.com\" aria-label=\"Link to Aspire Magazine by Engineers website\">\n\t<img alt=\"\" src=\"images/phone.png\" width=\"80\" height=\"144\" class=\"style10\"></a>",
    "report": "Fixed all of the accessibility issues: added aria-label attribute to link element and updated img alt text."
  },
  {
    "id": "page-has-heading-one",
    "html": "<html>",
    "failureSummary": "Fix all of the following:\n  Page must have a level-one heading",
    "fixedHtml": "<html><body><h1>Page Title</h1></body></html>",
    "report": "Fixed by adding <h1> as a level one heading"
  },
  {
    "id": "region",
    "html": "<tr>",
    "failureSummary": "Fix any of the following:\n  Some page content is not contained by landmarks",
    "fixedHtml": "<table><tbody><tr><td>Region</td></tr></tbody></table>",
    "report": "Updated table to be self-contained."
  },
  {
    "id": "region",
    "html": "<a onmouseover=\"xpe(&quot;u2v5po&quot;);xpshow(&quot;u2v5p&quot;,0,this);xpsmover(this);\" onmouseout=\"xpsmout(this);\" onmousedown=\"xpe(&quot;u2v5pc&quot;);\"><img id=\"xpi_u2v5p\" src=\"/AspireMenus-FlyOut-files/btu2v5p_0.png\" name=\"vbu2v5p\" width=\"93\" height=\"25\" border=\"0\" alt=\"Magazine\"></a>",
    "failureSummary": "Fix any of the following:\n  Some page content is not contained by landmarks",
    "fixedHtml": "<a onmouseover=\"xpe(&quot;u2v5po&quot;);xpshow(&quot;u2v5p&quot;,0,this);xpsmover(this);\" onmouseout=\"xpsmout(this);\" onmousedown=\"xpe(&quot;u2v5pc&quot;);\"><img id=\"xpi_u2v5p\" src=\"/AspireMenus-FlyOut-files/btu2v5p_0.png\" name=\"vbu2v5p\" width=\"93\" height=\"25\" border=\"0\" alt=\"Magazine\"></a>",
    "report": "Added a role and aria-label to the img element."
  },
  {
    "id": "region",
    "html": "<a target=\"_blank\" onmouseover=\"xpe(&quot;v2v5po&quot;);xpshow(&quot;v2v5p&quot;,0,this);xpsmover(this);\" onmouseout=\"xpsmout(this);\" onmousedown=\"xpe(&quot;v2v5pc&quot;);\">",
    "failureSummary": "Fix any of the following:\n  Some page content is not contained by landmarks",
    "fixedHtml": "<a target=\"_blank\" href=\"https://example.com/region?id=region\" onmouseover=\"xpe('v2v5po');xpshow('v2v5p',0,this);xpsmover(this);\" onmouseout=\"xpsmout(this);\" onmousedown=\"xpe('v2v5pc');\">",
    "report": "Fixed the 'region' link by adding a target attribute and removing the onmouseover event."
  },
  {
    "id": "region",
    "html": "<td style=\"padding-right:0px\" title=\"Upcoming Events\">",
    "failureSummary": "Fix any of the following:\n  Some page content is not contained by landmarks",
    "fixedHtml": "<td><span class=\"event-icon event-calendar__icon\"></span>Upcoming Events</td>",
    "report": "Updated td element with span and class to improve accessibility"
  },
  {
    "id": "region",
    "html": "<a onmouseover=\"xpe(&quot;x2v5po&quot;);xpshow(&quot;x2v5p&quot;,0,this);xpsmover(this);\" onmouseout=\"xpsmout(this);\" onmousedown=\"xpe(&quot;x2v5pc&quot;);\"><img id=\"xpi_x2v5p\" src=\"/AspireMenus-FlyOut-files/btx2v5p_0.png\" name=\"vbx2v5p\" width=\"93\" height=\"25\" border=\"0\" alt=\"Resources\"></a>",
    "failureSummary": "Fix any of the following:\n  Some page content is not contained by landmarks",
    "fixedHtml": "<a onmouseover=\"xpe(&quot;x2v5po&quot;);xpshow(&quot;x2v5p&quot;,0,this);xpsmover(this);\" onmouseout=\"xpsmout(this);\" onmousedown=\"xpe(&quot;x2v5pc&quot;);\"><img id=\"xpi_x2v5p\" src=\"/AspireMenus-FlyOut-files/btx2v5p_0.png\" name=\"vbx2v5p\" width=\"93\" height=\"25\" border=\"0\" alt=\"Resources\"></a>",
    "report": "Fixed by adding a role attribute to the img tag."
  },
  {
    "id": "region",
    "html": "<a onmouseover=\"xpe(&quot;l2v5po&quot;);xpshow(&quot;l2v5p&quot;,0,this);xpsmover(this);\" onmouseout=\"xpsmout(this);\" onmousedown=\"xpe(&quot;l2v5pc&quot;);\"><img id=\"xpi_l2v5p\" src=\"/AspireMenus-FlyOut-files/btl2v5p_0.png\" name=\"vbl2v5p\" width=\"93\" height=\"25\" border=\"0\" alt=\"Advertisers\"></a>",
    "failureSummary": "Fix any of the following:\n  Some page content is not contained by landmarks",
    "fixedHtml": "<a href=\"#\" onmouseover=\"xpe(&quot;l2v5po&quot;);xpshow(&quot;l2v5p&quot;,0,this);xpsmover(this);\" onmouseout=\"xpsmout(this);\" onmousedown=\"xpe(&quot;l2v5pc&quot;);\"><img id=\"xpi_l2v5p\" src=\"/AspireMenus-FlyOut-files/btl2v5p_0.png\" name=\"vbl2v5p\" width=\"93\" height=\"25\" border=\"0\" alt=\"Advertisers\"></a>",
    "report": "Fixed the issue by adding a landmark to the region element."
  },
  {
    "id": "region",
    "html": "<td style=\"padding-right:0px\" title=\"Aspire Magazine Sponsors\">",
    "failureSummary": "Fix any of the following:\n  Some page content is not contained by landmarks",
    "fixedHtml": "<td>Aspire Magazine Sponsors</td>",
    "report": "Updated <td> tag to include a proper title attribute."
  },
  {
    "id": "region",
    "html": "<td style=\"padding-right:0px\" title=\"Aspire magazine reader survey\">",
    "failureSummary": "Fix any of the following:\n  Some page content is not contained by landmarks",
    "fixedHtml": "<td title=\"Aspire magazine reader survey\">",
    "report": "Fixed missing landmark."
  },
  {
    "id": "region",
    "html": "<td style=\"padding-right:0px\" title=\"Contact Aspire magazine\">",
    "failureSummary": "Fix any of the following:\n  Some page content is not contained by landmarks",
    "fixedHtml": "<td title=\"Contact Aspire magazine\">",
    "report": "Fixed missing alt text for image."
  },
  {
    "id": "region",
    "html": "<td align=\"left\">\n\t\t\t<a href=\"https://www.hamiltonform.com\" target=\"_blank\">\n\t\t\t<img src=\"http://www.aspirebridge.com/AdImages/HamiltonForm.jpg\" alt=\"Hamilton Form Company Logo\" border=\"0\" width=\"230\" height=\"59\">\n\t\t\t</a>\n\t\t</td>",
    "failureSummary": "Fix any of the following:\n  Some page content is not contained by landmarks",
    "fixedHtml": "<td align=\"left\"><a href=\"https://www.hamiltonform.com\" target=\"_blank\"><img src=\"http://www.aspirebridge.com/AdImages/HamiltonForm.jpg\" alt=\"Hamilton Form Company Logo\" border=\"0\" width=\"230\" height=\"59\"></a></td>",
    "report": "Fixed by adding a landmark to the image."
  },
  {
    "id": "region",
    "html": "<a href=\"javascript:gotoshow()\"><img src=\"http://www.aspirebridge.com/AdImages/SFA.jpg\" name=\"slide\" border=\"0\" width=\"230\" height=\"59\"></a>",
    "failureSummary": "Fix any of the following:\n  Some page content is not contained by landmarks",
    "fixedHtml": "<a href='javascript:gotoshow()'><img src='http://www.aspirebridge.com/AdImages/SFA.jpg' name='slide' border='0' width='230' height='59'>",
    "report": "Updated img tag with alt attribute to provide a description of the image for screen readers."
  },
  {
    "id": "region",
    "html": "<tr>",
    "failureSummary": "Fix any of the following:\n  Some page content is not contained by landmarks",
    "fixedHtml": "<table><thead><tr id=\"region\"><th>Region</th></tr></thead><tbody>...",
    "report": "Fixid tr id=\"region\" and removed unecessary <tr>"
  },
  {
    "id": "region",
    "html": "<tr>\n\t\t\t<td><img border=\"0\" src=\"images/footer.jpg\" width=\"746\" height=\"36\"></td>\n\t\t</tr>",
    "failureSummary": "Fix any of the following:\n  Some page content is not contained by landmarks",
    "fixedHtml": "<tr><td><img border=\"0\" src=\"images/footer.jpg\" width=\"746\" height=\"36\"></td></tr>",
    "report": "Fixed missing closing tag for td."
  }
]