[
  {
    "id": "link-name",
    "html": "<a data-testid=\"linkElement\" href=\"https://www.facebook.com/AirdrieIrishFootballClub/\" target=\"_blank\" class=\"oRtuWN\">",
    "failureSummary": "Fix all of the following:\n  Element is in tab order and does not have accessible text\n\nFix any of the following:\n  Element does not have text that is visible to screen readers\n  aria-label attribute does not exist or is empty\n  aria-labelledby attribute does not exist, references elements that do not exist or references elements that are empty\n  Element has no title attribute",
    "fixedHtml": "<a href=\"https://www.facebook.com/AirdrieIrishFootballClub/\" target=\"_blank\" class=\"oRtuWN\">Link Name</a>",
    "report": "Fix all of the following:\n- Element is in tab order and does not have accessible text\n\nFix any of the following:\n- Element does not have text that is visible to screen readers"
  },
  {
    "id": "link-name",
    "html": "<a data-testid=\"linkElement\" href=\"https://www.instagram.com/airdrie_irish_football/\" target=\"_blank\" class=\"oRtuWN\">",
    "failureSummary": "Fix all of the following:\n  Element is in tab order and does not have accessible text\n\nFix any of the following:\n  Element does not have text that is visible to screen readers\n  aria-label attribute does not exist or is empty\n  aria-labelledby attribute does not exist, references elements that do not exist or references elements that are empty\n  Element has no title attribute",
    "fixedHtml": "<a href=\"https://www.instagram.com/airdrie_irish_football/\" target=\"_blank\" class=\"oRtuWN\">Instagram</a>",
    "report": "Fix: Added title attribute to anchor element."
  }
]