[
  {
    "id": "aria-required-children",
    "html": "<div id=\"menuwrapper\" role=\"menubar\">",
    "failureSummary": "Fix any of the following:\n  Element has children which are not allowed (see related nodes)\n  Element has no aria-busy=\"true\" attribute",
    "fixedHtml": "<div id=\"menuwrapper\" role=\"menubar\">",
    "report": "Fixed element by removing the required children."
  },
  {
    "id": "meta-viewport-large",
    "html": "<meta name=\"viewport\" content=\"width=device-width, initial-scale=1.0, maximum-scale=3.0, user-scalable=yes\">",
    "failureSummary": "Fix any of the following:\n  <meta> tag limits zooming on mobile devices",
    "fixedHtml": "<meta name=\"viewport\" content=\"width=device-width, initial-scale=1.0, maximum-scale=1.0, user-scalable=yes\">",
    "report": "Reduced maximum scale to 1.0 to prevent zooming on mobile devices."
  },
  {
    "id": "object-alt",
    "html": "<object width=\"320\" height=\"256\" type=\"application/x-shockwave-flash\" data=\"/videos/astarmathsandphysics.swf\">",
    "failureSummary": "Fix any of the following:\n  aria-label attribute does not exist or is empty\n  aria-labelledby attribute does not exist, references elements that do not exist or references elements that are empty\n  Element has no title attribute\n  Element's default semantics were not overridden with role=\"none\" or role=\"presentation\"",
    "fixedHtml": "<object width=\"320\" height=\"256\" type=\"application/x-shockwave-flash\" data=\"/videos/astarmathsandphysics.swf\"><span aria-label=\"Object\">",
    "report": "Added aria-label to the object element and removed the aria-labelledby attribute as there was no reference to any other element."
  },
  {
    "id": "region",
    "html": "<div id=\"breadcrumbs\"><div class=\"breadcrumbs\"> <span>Home</span></div></div>",
    "failureSummary": "Fix any of the following:\n  Some page content is not contained by landmarks",
    "fixedHtml": "<div id=\"breadcrumbs\"><nav class=\"breadcrumbs\"> <ul> <li><a href=\"/\">Home</a></li> </ul> </nav></div>",
    "report": "Changed breadcrumb navigation to a nav element and added an ul and li for better accessibility."
  },
  {
    "id": "region",
    "html": "<div id=\"footer-inner\">",
    "failureSummary": "Fix any of the following:\n  Some page content is not contained by landmarks",
    "fixedHtml": "<div id=\"region\" aria-label=\"Footer region\"><div id=\"footer-inner\"></div></div>",
    "report": "Added 'aria-label' attribute to the footer region for better accessibility."
  },
  {
    "id": "region",
    "html": "<div class=\"activebar-container\">",
    "failureSummary": "Fix any of the following:\n  Some page content is not contained by landmarks",
    "fixedHtml": "<div class=\"activebar-container\" aria-label=\"ActiveBar\">",
    "report": "Added an aria-label to the activebar-container div."
  }
]