[
  {
    "id": "html-has-lang",
    "html": "<html>",
    "failureSummary": "Fix any of the following:\n  The <html> element does not have a lang attribute",
    "fixedHtml": "<html lang=\"en\">",
    "report": "Fixed by adding lang attribute to the html element."
  },
  {
    "id": "landmark-one-main",
    "html": "<html>",
    "failureSummary": "Fix all of the following:\n  Document does not have a main landmark",
    "fixedHtml": "<html><head><title>Fixing web accessibility</title></head><body>\n<main>\n<!-- Your content goes here -->\n</main></body></html>",
    "report": "Added a main landmark to the html."
  },
  {
    "id": "page-has-heading-one",
    "html": "<html>",
    "failureSummary": "Fix all of the following:\n  Page must have a level-one heading",
    "fixedHtml": "<html><header><h1>Page Title</h1></header><body>",
    "report": "Added missing <h1> tag to provide a level-one heading."
  }
]