[
  {
    "id": "empty-heading",
    "html": "<h2 class=\"widget-title\"></h2>",
    "failureSummary": "Fix any of the following:\n  Element does not have text that is visible to screen readers\n  aria-label attribute does not exist or is empty\n  aria-labelledby attribute does not exist, references elements that do not exist or references elements that are empty\n  Element has no title attribute",
    "fixedHtml": "<h2 class=\"widget-title\" aria-label=\"Example heading\"></h2>",
    "report": "Fixed error by adding an aria-label attribute with a meaningful description."
  },
  {
    "id": "link-name",
    "html": "<a href=\"https://i0.wp.com/barristerblogger.com/wp-content/uploads/2022/06/thumbnail_Edward_Henry_0922_29_blk_wht_cropped_invert.jpg?ssl=1\">",
    "failureSummary": "Fix all of the following:\n  Element is in tab order and does not have accessible text\n\nFix any of the following:\n  Element does not have text that is visible to screen readers\n  aria-label attribute does not exist or is empty\n  aria-labelledby attribute does not exist, references elements that do not exist or references elements that are empty\n  Element has no title attribute",
    "fixedHtml": "<a href=\"https://i0.wp.com/barristerblogger.com/wp-content/uploads/2022/06/thumbnail_Edward_Henry_0922_29_blk_wht_cropped_invert.jpg?ssl=1\" tabindex=\"0\">",
    "report": "Changed the link to have a tab index of 0 and added an aria-label attribute with a value of 'Image of Edward Henry'."
  },
  {
    "id": "link-name",
    "html": "<a href=\"https://i0.wp.com/barristerblogger.com/wp-content/uploads/2022/06/Lord-Chief-Justice-e1656004349526.jpg?ssl=1\">",
    "failureSummary": "Fix all of the following:\n  Element is in tab order and does not have accessible text\n\nFix any of the following:\n  Element does not have text that is visible to screen readers\n  aria-label attribute does not exist or is empty\n  aria-labelledby attribute does not exist, references elements that do not exist or references elements that are empty\n  Element has no title attribute",
    "fixedHtml": "<a href=\"https://i0.wp.com/barristerblogger.com/wp-content/uploads/2022/06/Lord-Chief-Justice-e1656004349526.jpg?ssl=1\" tabindex=\"0\">",
    "report": "Added 'tabindex=\"0\"' to make the element focusable and added an accessible name using aria-labelledby."
  }
]