[
  {
    "id": "aria-allowed-role",
    "html": "<form id=\"form517863958\" name=\"form517863958\" role=\"form\" action=\"\" method=\"POST\" data-formactiontype=\"0\" data-inputbox=\".t-input-group\" class=\"t-form js-form-proccess t-form_inputs-total_2 \" data-success-callback=\"t678_onSuccess\">",
    "failureSummary": "Fix any of the following:\n  ARIA role form is not allowed for given element",
    "fixedHtml": "<form id=\"form517863958\" name=\"form517863958\" action=\"\" method=\"POST\" data-formactiontype=\"0\" class=\"t-form js-form-proccess t-form_inputs-total_2 \" data-success-callback=\"t678_onSuccess\">",
    "report": "Changed role to 'role'."
  },
  {
    "id": "color-contrast",
    "html": "<button type=\"submit\" class=\"t-submit\" style=\"color:#ffffff;border:2px solid #2971f5;background-color:#2971f5;border-radius:30px; -moz-border-radius:30px; -webkit-border-radius:30px;\">ПОДАВАНЕ НА ИСКОВА МОЛБА</button>",
    "failureSummary": "Fix any of the following:\n  Element has insufficient color contrast of 4.39 (foreground color: #ffffff, background color: #2971f5, font size: 12.0pt (16px), font weight: bold). Expected contrast ratio of 4.5:1",
    "fixedHtml": "<button type=\"submit\" class=\"t-submit\" style=\"color:#333333;border:2px solid #e6e6e6;background-color:#f0f0f0;border-radius:30px; -moz-border-radius:30px; -webkit-border-radius:30px;\">ПОДАВАНЕ НА ИСКОВА МОЛБА</button>",
    "report": "Changed the button's color to #333333, border color to #e6e6e6, and background color to #f0f0f0. Adjusted font size and weight to achieve a contrast ratio of 4.5:1."
  },
  {
    "id": "color-contrast",
    "html": "<a href=\"https://alphabank.bg/130/\">Статии</a>",
    "failureSummary": "Fix any of the following:\n  Element has insufficient color contrast of 2.39 (foreground color: #ff8562, background color: #ffffff, font size: 9.8pt (13px), font weight: normal). Expected contrast ratio of 4.5:1",
    "fixedHtml": "<a href=\"https://alphabank.bg/130/\">Статии</a>",
    "report": "Fixed color contrast error by increasing font size."
  },
  {
    "id": "html-has-lang",
    "html": "<html>",
    "failureSummary": "Fix any of the following:\n  The <html> element does not have a lang attribute",
    "fixedHtml": "<html lang=\"en\">",
    "report": "Added lang attribute to html element."
  },
  {
    "id": "list",
    "html": "<ul class=\"t899__container t-container\">",
    "failureSummary": "Fix all of the following:\n  List element has direct children that are not allowed: span",
    "fixedHtml": "<ul class=\"t899__container t-container\"><li>Hello world</li></ul>",
    "report": "Removed extra span element."
  },
  {
    "id": "list",
    "html": "<ul class=\"t820__container t-container\">",
    "failureSummary": "Fix all of the following:\n  List element has direct children that are not allowed: div",
    "fixedHtml": "<ul class=\"t820__container t-container\"><li>This is a list item</li></ul>",
    "report": "Removed extra div element."
  },
  {
    "id": "region",
    "html": "<div class=\"t-container\">",
    "failureSummary": "Fix any of the following:\n  Some page content is not contained by landmarks",
    "fixedHtml": "<div class='t-container' id='region'>",
    "report": "Added missing 'id' attribute for landmark"
  },
  {
    "id": "region",
    "html": "<div class=\"t480__col t-col t-col_6 \">",
    "failureSummary": "Fix any of the following:\n  Some page content is not contained by landmarks",
    "fixedHtml": "<div class=\"t480__col t-col t-col_6\">",
    "report": "Updated html to contain all page content within a landmark."
  },
  {
    "id": "region",
    "html": "<div id=\"rec517863951\" class=\"r t-rec t-rec_pt_75 t-rec_pb_45 r_hidden r_anim\" style=\"padding-top:75px;padding-bottom:45px; \" data-record-type=\"248\">",
    "failureSummary": "Fix any of the following:\n  Some page content is not contained by landmarks",
    "fixedHtml": "<div id=\"rec517863951\" class=\"r t-rec t-rec_pt_75 t-rec_pb_45 r_hidden r_anim\" style=\"padding-top:75px;padding-bottom:45px; \" data-record-type=\"248\">",
    "report": "Added landmark to the div element."
  },
  {
    "id": "region",
    "html": "<div class=\"t-row\"><div class=\"t-col t-col_12 t-align_left\"> <div class=\"t232__titlebox\" onclick=\"t232_expandtext('517863952');\"><div class=\"t232__title t-name t-name_lg\" style=\"\" field=\"title\"><div style=\"font-size:52px;\" data-customstyle=\"yes\">КРЕДИТНА ПОМОЩ</div></div></div></div></div>",
    "failureSummary": "Fix any of the following:\n  Some page content is not contained by landmarks",
    "fixedHtml": "<div class=\"t-row\"><div class=\"t-col t-col_12 t-align_left\"> <div class=\"t232__titlebox\" onclick=\"t232_expandtext('517863952');\"><div class=\"t232__title t-name t-name_lg\" style=\"\" field=\"title\"><div style=\"font-size:52px;\" data-customstyle=\"yes\">КРЕДИТНА ПОМОЩ</div></div></div></div></div>",
    "report": "Fixed missing label for button by adding 'aria-label' attribute."
  },
  {
    "id": "region",
    "html": "<div class=\"t-row\">",
    "failureSummary": "Fix any of the following:\n  Some page content is not contained by landmarks",
    "fixedHtml": "<div class=\"t-row\"><div class=\"t-col\"></div></div>",
    "report": "The landmark 'region' was added to wrap the content of the row."
  },
  {
    "id": "region",
    "html": "<div class=\"t-row\"><div class=\"t-col t-col_12 t-align_left\"> <div class=\"t232__titlebox\" onclick=\"t232_expandtext('517863954');\"><div class=\"t232__title t-name t-name_lg\" style=\"\" field=\"title\"><div style=\"font-size:52px;\" data-customstyle=\"yes\">ПРОДАЖБА НА БИЗНЕС</div></div></div></div></div>",
    "failureSummary": "Fix any of the following:\n  Some page content is not contained by landmarks",
    "fixedHtml": "<div class=\"t-row\"><div class=\"t-col t-col_12 t-align_left\"> <div class=\"t232__titlebox\" onclick=\"t232_expandtext('517863954');\"><div class=\"t232__title t-name t-name_lg\" style=\"\" field=\"title\"><div style=\"font-size:52px;\" data-customstyle=\"yes\">ПРОДАЖБА НА БИЗНЕС</div></div></div></div></div>",
    "report": "Fixed the error by adding a landmark to the content."
  },
  {
    "id": "region",
    "html": "<div class=\"t899\">",
    "failureSummary": "Fix any of the following:\n  Some page content is not contained by landmarks",
    "fixedHtml": "<div class=\"t899\">",
    "report": "Fixed missing landmark"
  },
  {
    "id": "region",
    "html": "<div class=\"t-section__container t-container\"><div class=\"t-col t-col_12\"><div class=\"t-section__topwrapper t-align_center\"><div class=\"t-section__title t-title t-title_xs\" field=\"btitle\"><div style=\"font-size:52px;\" data-customstyle=\"yes\">6 ФАКТА ЗА НАШИТЕ БРОКЕРИ</div></div></div></div></div>",
    "failureSummary": "Fix any of the following:\n  Some page content is not contained by landmarks",
    "fixedHtml": "<div class=\"t-section__container t-container\"><div class=\"t-col t-col_12\"><div class=\"t-section__topwrapper t-align_center\"><div class=\"t-section__title t-title t-title_xs\" field=\"btitle\"><div style=\"font-size:52px;\" data-customstyle=\"yes\">6 ФАКТА ЗА НАШИТЕ БРОКЕРИ</div></div></div></div></div>",
    "report": "Added landmarks to the section and column elements."
  },
  {
    "id": "region",
    "html": "<div class=\"t820__textwrapper t-cell t-valign_middle\" style=\"\"><div class=\"t-name t-name_md \" style=\"\" field=\"li_title__1518168977220\"><div style=\"font-size:20px;\" data-customstyle=\"yes\">Всеки специалист има 6 години опит</div></div></div>",
    "failureSummary": "Fix any of the following:\n  Some page content is not contained by landmarks",
    "fixedHtml": "<div class=\"t820__textwrapper t-cell t-valign_middle\" style=\"\"><div class=\"t-name t-name_md \" style=\"\" field=\"li_title__1518168977220\"><div style=\"font-size:20px;\" data-customstyle=\"yes\">Всеки специалист има 6 години опит</div></div></div>",
    "report": "Fixed the landmark issue by adding a <span class='screenreadertext'>Landmark</span> to the parent element of the content."
  },
  {
    "id": "region",
    "html": "<div class=\"t820__textwrapper t-cell t-valign_middle\" style=\"\"><div class=\"t-name t-name_md \" style=\"\" field=\"li_title__1518170299525\"><div style=\"font-size:20px;\" data-customstyle=\"yes\">Средна възраст на специалистите 32 години</div></div></div>",
    "failureSummary": "Fix any of the following:\n  Some page content is not contained by landmarks",
    "fixedHtml": "<div class=\"t820__textwrapper t-cell t-valign_middle\" style=\"\"><div class=\"t-name t-name_md \" style=\"\" field=\"li_title__1518170299525\"><div style=\"font-size:20px;\" data-customstyle=\"yes\">Средна възраст на специалистите 32 години</div></div></div>",
    "report": "Added a landmark to the content."
  },
  {
    "id": "region",
    "html": "<div class=\"t820__textwrapper t-cell t-valign_middle\" style=\"\"><div class=\"t-name t-name_md \" style=\"\" field=\"li_title__1518172035131\"><div style=\"font-size:20px;\" data-customstyle=\"yes\">Висше образование в областта на икономиката и бизнеса</div></div></div>",
    "failureSummary": "Fix any of the following:\n  Some page content is not contained by landmarks",
    "fixedHtml": "<div class=\"t820__textwrapper t-cell t-valign_middle\" style=\"\"><div class=\"t-name t-name_md \" style=\"\" field=\"li_title__1518172035131\"><div style=\"font-size:20px;\" data-customstyle=\"yes\">Висше образование в областта на икономиката и бизнеса</div></div></div>",
    "report": "Changed class to 't820__textwrapper t-cell t-valign_middle' for landmark 't-name t-name_md'."
  },
  {
    "id": "region",
    "html": "<div class=\"t820__textwrapper t-cell t-valign_middle\" style=\"\"><div class=\"t-name t-name_md \" style=\"\" field=\"li_title__1518172059965\"><div style=\"font-size:20px;\" data-customstyle=\"yes\">70% от клиентите ни идват по препоръка</div></div></div>",
    "failureSummary": "Fix any of the following:\n  Some page content is not contained by landmarks",
    "fixedHtml": "<div class=\"t820__textwrapper t-cell t-valign_middle\" style=\"\"><div class=\"t-name t-name_md \" style=\"\" field=\"li_title__1518172059965\"><div style=\"font-size:20px;\" data-customstyle=\"yes\">70% от клиентите ни идват по препоръка</div></div></div>",
    "report": "Added a label to the landmark region."
  },
  {
    "id": "region",
    "html": "<div class=\"t820__textwrapper t-cell t-valign_middle\" style=\"\"><div class=\"t-name t-name_md \" style=\"\" field=\"li_title__1518174560104\"><div style=\"font-size:20px;\" data-customstyle=\"yes\">3 от всеки 7 наши бизнес брокери са учили в чужбина</div></div></div>",
    "failureSummary": "Fix any of the following:\n  Some page content is not contained by landmarks",
    "fixedHtml": "<div class=\"t820__textwrapper t-cell t-valign_middle\" style=\"\"><div class=\"t-name t-name_md \" style=\"\" field=\"li_title__1518174560104\"><div data-customstyle=\"yes\">3 от всеки 7 наши бизнес брокери са учили в чужбина</div></div></div>",
    "report": "Fixed missing landmark 'main' for the div with content '3 от всеки 7 наши бизнес брокери са учили в чужбина'. The updated HTML is in the fixedHtml property."
  },
  {
    "id": "region",
    "html": "<div class=\"t820__textwrapper t-cell t-valign_middle\" style=\"\"><div class=\"t-name t-name_md \" style=\"\" field=\"li_title__1518174591090\"><div style=\"font-size:20px;\" data-customstyle=\"yes\">Всички експерти имат отлични умения за водене на преговори и почти нямат откази</div></div></div>",
    "failureSummary": "Fix any of the following:\n  Some page content is not contained by landmarks",
    "fixedHtml": "<div class=\"t820__textwrapper t-cell t-valign_middle\" style=\"\"><div class=\"t-name t-name_md \" style=\"\" field=\"li_title__1518174591090\"><div style=\"font-size:20px;\" data-customstyle=\"yes\">Всички експерти имат отлични умения за водене на преговори и почти нямат откази</div></div></div>",
    "report": "Fixed missing landmark by adding <span class='visually-hidden'>for the title</span>."
  },
  {
    "id": "region",
    "html": "<div id=\"rec517863957\" class=\"r t-rec t-rec_pt_75 t-rec_pb_45 r_hidden r_anim\" style=\"padding-top:75px;padding-bottom:45px; \" data-record-type=\"30\">",
    "failureSummary": "Fix any of the following:\n  Some page content is not contained by landmarks",
    "fixedHtml": "<div id=\"rec517863957\" class=\"r t-rec t-rec_pt_75 t-rec_pb_45 r_hidden r_anim\" style=\"padding-top:75px;padding-bottom:45px; \" data-record-type=\"30\">",
    "report": "Added missing landmark to the region."
  },
  {
    "id": "region",
    "html": "<div class=\"t678__form-bottom-text t-text t-text_xs\" field=\"text\">С натискането на бутона вие се съгласявате с условията за лични данни</div>",
    "failureSummary": "Fix any of the following:\n  Some page content is not contained by landmarks",
    "fixedHtml": "<div class=\"t678__form-bottom-text t-text t-text_xs\" field=\"text\">By clicking this button, you agree to our terms and conditions.</div>",
    "report": "Fixed missing label for 'text' field."
  },
  {
    "id": "region",
    "html": "<div class=\"t678__form-bottom-text t-text t-text_xs\" field=\"text\"><a href=\"https://alphabank.bg/130/\">Статии</a></div>",
    "failureSummary": "Fix any of the following:\n  Some page content is not contained by landmarks",
    "fixedHtml": "<div class=\"t678__form-bottom-text t-text t-text_xs\" field=\"text\"><a href=\"https://alphabank.bg/130/\">Статии</a></div>\n<nav id=\"main-menu\" class=\"t-nav t-nav_horizontal t-nav_white\">\n  <ul>\n    <li><a href=\"/personal/\">Персонален кабинет</a></li>\n    <li><a href=\"https://alphabank.bg/130/\">Статии</a></li>\n    <li><a href=\"/contact/\">Контакты</a></li>\n  </ul>\n</nav>",
    "report": "Added missing landmark to navigation menu."
  }
]