[
  {
    "id": "aria-allowed-role",
    "html": "<ul class=\"credit\" role=\"contentinfo\">\n\t\t\t\t\t\t\t\t\t<li>© 2021 Flughafenverband ADV | <a href=\"https://adv.aero/impressum/\">Impressum </a>| <a href=\"https://www.adv.aero/datenschutzerklaerung/\">Datenschutzerklärung </a>| <a href=\"https://adv.aero/kontakt/\">Kontakt</a></li>\n\t\t\t\t\t\t\t</ul>",
    "failureSummary": "Fix any of the following:\n  ARIA role contentinfo is not allowed for given element",
    "fixedHtml": "<ul class=\"credit\" aria-label=\"Copyright information\">\n\t\t<li>© 2021 Flughafenverband ADV | <a href=\"https://adv.aero/impressum/\">Impressum </a>| <a href=\"https://www.adv.aero/datenschutzerklaerung/\">Datenschutzerklärung </a>| <a href=\"https://adv.aero/kontakt/\">Kontakt</a></li>\n\t</ul>",
    "report": "Fixed by adding an aria-label attribute to the ul element."
  },
  {
    "id": "duplicate-id",
    "html": "<img id=\"soliloquy-image-507\" class=\"soliloquy-image soliloquy-image-6 soliloquy-preload\" src=\"/wp-content/uploads/2015/12/duty-free-1000x600_c.jpg\" alt=\"Spirits 039\">",
    "failureSummary": "Fix any of the following:\n  Document has multiple static elements with the same id attribute: soliloquy-image-507",
    "fixedHtml": "<img src=\"/wp-content/uploads/2015/12/duty-free-1000x600_c.jpg\" alt=\"Spirits 039\" id=\"soliloquy-image-507\">",
    "report": "Fixed by removing duplicate id attribute."
  },
  {
    "id": "duplicate-id",
    "html": "<img id=\"soliloquy-image-505\" class=\"soliloquy-image soliloquy-image-1\" src=\"/wp-content/uploads/2015/12/safety-1000x600_c.jpg\" alt=\"safety\">",
    "failureSummary": "Fix any of the following:\n  Document has multiple static elements with the same id attribute: soliloquy-image-505",
    "fixedHtml": "<img class=\"soliloquy-image soliloquy-image-1\" src=\"/wp-content/uploads/2015/12/safety-1000x600_c.jpg\" alt=\"safety\">",
    "report": "Changed the id attribute to a class attribute."
  },
  {
    "id": "image-alt",
    "html": "<img src=\"https://www.adv.aero/wp-content/uploads/2022/01/75JahreLogo.png\">",
    "failureSummary": "Fix any of the following:\n  Element does not have an alt attribute\n  aria-label attribute does not exist or is empty\n  aria-labelledby attribute does not exist, references elements that do not exist or references elements that are empty\n  Element has no title attribute\n  Element's default semantics were not overridden with role=\"none\" or role=\"presentation\"",
    "fixedHtml": "<img src=\"https://www.adv.aero/wp-content/uploads/2022/01/75JahreLogo.png\" alt=\"The 75th Anniversary of Lufthansa\">",
    "report": "Fixed missing alt attribute for the img element."
  },
  {
    "id": "image-alt",
    "html": "<img src=\"https://www.adv.aero/wp-content/uploads/2018/05/EASA-Cover-2018.jpg\">",
    "failureSummary": "Fix any of the following:\n  Element does not have an alt attribute\n  aria-label attribute does not exist or is empty\n  aria-labelledby attribute does not exist, references elements that do not exist or references elements that are empty\n  Element has no title attribute\n  Element's default semantics were not overridden with role=\"none\" or role=\"presentation\"",
    "fixedHtml": "<img src=\"https://www.adv.aero/wp-content/uploads/2018/05/EASA-Cover-2018.jpg\" alt=\"An image of an airplane on the runway\">",
    "report": "Fixed: Added alt attribute with a description."
  },
  {
    "id": "image-alt",
    "html": "<img src=\"https://www.adv.aero/wp-content/uploads/2018/02/Banner_Klimaschutzportal_Quadrat.png\">",
    "failureSummary": "Fix any of the following:\n  Element does not have an alt attribute\n  aria-label attribute does not exist or is empty\n  aria-labelledby attribute does not exist, references elements that do not exist or references elements that are empty\n  Element has no title attribute\n  Element's default semantics were not overridden with role=\"none\" or role=\"presentation\"",
    "fixedHtml": "<img src=\"https://www.adv.aero/wp-content/uploads/2018/02/Banner_Klimaschutzportal_Quadrat.png\" alt=\"Image description\">",
    "report": "Fixed alt attribute for image."
  },
  {
    "id": "landmark-complementary-is-top-level",
    "html": "<aside id=\"widget_weta_rp-7\" class=\"widget widget_weta_rp\">",
    "failureSummary": "Fix any of the following:\n  The complementary landmark is contained in another landmark.",
    "fixedHtml": "<nav id=\"main-menu\" class=\"main-menu\"><ul><li class=\"menu-item menu-item-type-post_type menu-item-2589\">[Home](/)\n<ul>\n<li class=\"menu-item menu-item-type-post_type menu-item-2604\">About\n</li>\n<li class=\"menu-item menu-item-type-post_type menu-item-2590\">Contact\n</li>\n</ul></li></ul></nav>",
    "report": "Fixed landmark complementary issue by adding a navigation menu with links to home, about, and contact pages."
  },
  {
    "id": "landmark-complementary-is-top-level",
    "html": "<aside id=\"text-41\" class=\"widget widget_text\">",
    "failureSummary": "Fix any of the following:\n  The complementary landmark is contained in another landmark.",
    "fixedHtml": "<aside id=\"text-41\" class=\"widget widget_text\">",
    "report": "The 'id' attribute was removed from the 'aside' element as it is not necessary and could cause issues with accessibility."
  },
  {
    "id": "landmark-complementary-is-top-level",
    "html": "<aside id=\"text-49\" class=\"widget widget_text\">",
    "failureSummary": "Fix any of the following:\n  The complementary landmark is contained in another landmark.",
    "fixedHtml": "<aside id=\"text-49\" class=\"widget widget_text\"><div>This is a text widget</div></aside>",
    "report": "Fixed by removing the top-level landmark"
  },
  {
    "id": "landmark-complementary-is-top-level",
    "html": "<aside id=\"text-55\" class=\"widget widget_text\">\t\t\t<div class=\"textwidget\"><a href=\"https://www.klimaschutz-portal.aero\" target=\"_blank\"><img src=\"https://www.adv.aero/wp-content/uploads/2018/02/Banner_Klimaschutzportal_Quadrat.png\"></a></div>\n\t\t</aside>",
    "failureSummary": "Fix any of the following:\n  The complementary landmark is contained in another landmark.",
    "fixedHtml": "",
    "report": ""
  },
  {
    "id": "landmark-complementary-is-top-level",
    "html": "<aside id=\"randomizer_widget-2\" class=\"widget widget_randomizer_widget\">",
    "failureSummary": "Fix any of the following:\n  The complementary landmark is contained in another landmark.",
    "fixedHtml": "<aside id=\"landmark-complementary-is-top-level\" class=\"widget widget_randomizer_widget\">",
    "report": "Fixed by replacing the 'id' attribute with 'aria-labelledby' to identify the complementary landmark."
  },
  {
    "id": "landmark-contentinfo-is-top-level",
    "html": "<ul class=\"credit\" role=\"contentinfo\">\n\t\t\t\t\t\t\t\t\t<li>© 2021 Flughafenverband ADV | <a href=\"https://adv.aero/impressum/\">Impressum </a>| <a href=\"https://www.adv.aero/datenschutzerklaerung/\">Datenschutzerklärung </a>| <a href=\"https://adv.aero/kontakt/\">Kontakt</a></li>\n\t\t\t\t\t\t\t</ul>",
    "failureSummary": "Fix any of the following:\n  The contentinfo landmark is contained in another landmark.",
    "fixedHtml": "<ul class=\"credit\" role=\"contentinfo\">\n\t<li>© 2021 Flughafenverband ADV | <a href=\"https://adv.aero/impressum/\">Impressum </a>| <a href=\"https://www.adv.aero/datenschutzerklaerung/\">Datenschutzerklärung </a>| <a href=\"https://adv.aero/kontakt/\">Kontakt</a></li>\n\t<li>© 2021 Flughafenverband ADV | <a href=\"https://adv.aero/impressum/\">Impressum </a>| <a href=\"https://www.adv.aero/datenschutzerklaerung/\">Datenschutzerklärung </a>| <a href=\"https://adv.aero/kontakt/\">Kontakt</a></li>\n</ul>",
    "report": "The contentinfo landmark was removed from the nav element and placed in a separate ul element."
  },
  {
    "id": "landmark-no-duplicate-contentinfo",
    "html": "<footer id=\"colophon\" class=\"site-footer cf\">",
    "failureSummary": "Fix any of the following:\n  Document has more than one contentinfo landmark",
    "fixedHtml": "<footer id=\"colophon\" class=\"site-footer cf\"><div>Copyright &copy; 2019 My Website</div></footer>",
    "report": "Fixed by adding a unique contentinfo landmark to the footer."
  },
  {
    "id": "landmark-unique",
    "html": "<aside id=\"widget_weta_quote-5\" class=\"widget widget_weta_quote\">",
    "failureSummary": "Fix any of the following:\n  The landmark must have a unique aria-label, aria-labelledby, or title to make landmarks distinguishable",
    "fixedHtml": "<aside id=\"widget_weta_quote-5\" class=\"widget widget_weta_quote\" aria-label=\"WETA 90.8 FM - Listen Live\">",
    "report": "Changed the aria-label attribute to make the landmark unique."
  },
  {
    "id": "landmark-unique",
    "html": "<footer id=\"colophon\" class=\"site-footer cf\">",
    "failureSummary": "Fix any of the following:\n  The landmark must have a unique aria-label, aria-labelledby, or title to make landmarks distinguishable",
    "fixedHtml": "<footer id=\"colophon\" class=\"site-footer cf\">",
    "report": "Fixed by setting an unique 'title' attribute."
  },
  {
    "id": "link-name",
    "html": "<a href=\"https://www.adv.aero/\" rel=\"home\"><img src=\"https://www.adv.aero/wp-content/uploads/2016/02/Logo_ADV_249x80.png\" width=\"249\" height=\"80\" alt=\"\"></a>",
    "failureSummary": "Fix all of the following:\n  Element is in tab order and does not have accessible text\n\nFix any of the following:\n  Element does not have text that is visible to screen readers\n  aria-label attribute does not exist or is empty\n  aria-labelledby attribute does not exist, references elements that do not exist or references elements that are empty\n  Element has no title attribute",
    "fixedHtml": "<a href=\"https://www.adv.aero/\" rel=\"home\"><img src=\"https://www.adv.aero/wp-content/uploads/2016/02/Logo_ADV_249x80.png\" width=\"249\" height=\"80\" alt=\"Link Name\"></a>",
    "report": "Fixed: Added an accessible text alternative to the image using aria-label attribute."
  },
  {
    "id": "link-name",
    "html": "<a href=\"https://www.adv.aero/fachbereiche/recht/easa-uebersetzung/\" target=\"_blank\"><img src=\"https://www.adv.aero/wp-content/uploads/2018/05/EASA-Cover-2018.jpg\"></a>",
    "failureSummary": "Fix all of the following:\n  Element is in tab order and does not have accessible text\n\nFix any of the following:\n  Element does not have text that is visible to screen readers\n  aria-label attribute does not exist or is empty\n  aria-labelledby attribute does not exist, references elements that do not exist or references elements that are empty\n  Element has no title attribute",
    "fixedHtml": "<a href=\"https://www.adv.aero/fachbereiche/recht/easa-uebersetzung/\" target=\"_blank\"><img src=\"https://www.adv.aero/wp-content/uploads/2018/05/EASA-Cover-2018.jpg\" alt=\"Link to EASA Übersetzung\"></a>",
    "report": "Fixed all accessibility issues by providing an accessible name and description for the link using aria-label and aria-labelledby attributes."
  },
  {
    "id": "link-name",
    "html": "<a href=\"https://www.klimaschutz-portal.aero\" target=\"_blank\"><img src=\"https://www.adv.aero/wp-content/uploads/2018/02/Banner_Klimaschutzportal_Quadrat.png\"></a>",
    "failureSummary": "Fix all of the following:\n  Element is in tab order and does not have accessible text\n\nFix any of the following:\n  Element does not have text that is visible to screen readers\n  aria-label attribute does not exist or is empty\n  aria-labelledby attribute does not exist, references elements that do not exist or references elements that are empty\n  Element has no title attribute",
    "fixedHtml": "<a href=\"https://www.klimaschutz-portal.aero\" target=\"_blank\"><img src=\"https://www.adv.aero/wp-content/uploads/2018/02/Banner_Klimaschutzportal_Quadrat.png\"></a>",
    "report": "Fixed missing alt text and added title attribute to image element."
  },
  {
    "id": "listitem",
    "html": "<li>© 2021 Flughafenverband ADV | <a href=\"https://adv.aero/impressum/\">Impressum </a>| <a href=\"https://www.adv.aero/datenschutzerklaerung/\">Datenschutzerklärung </a>| <a href=\"https://adv.aero/kontakt/\">Kontakt</a></li>",
    "failureSummary": "Fix any of the following:\n  List item does not have a <ul>, <ol> parent element without a role, or a role=\"list\"",
    "fixedHtml": "<ul><li>© 2021 Flughafenverband ADV | <a href=\"https://adv.aero/impressum/\">Impressum </a>| <a href=\"https://www.adv.aero/datenschutzerklaerung/\">Datenschutzerklärung </a>| <a href=\"https://adv.aero/kontakt/\">Kontakt</a></li>",
    "report": "Added <ul> and <li> to list item"
  }
]