{"originalUrl":"https://annieawards.com","url":"https://annieawards.com/","accessibility":"Timeout after 30000ms","externalJavascript":["https://annieawards.com/wp-includes/js/wp-emoji-release.min.js?ver=6.1.1","https://annieawards.com/wp-includes/js/jquery/jquery.min.js?ver=3.6.1","https://annieawards.com/wp-includes/js/jquery/jquery-migrate.min.js?ver=3.3.2","https://annieawards.com/wp-content/plugins/xagio/assets/js/xag_user.js?ver=1","https://annieawards.com/wp-content/plugins/xagio/assets/js/review-widget.js?ver=1","https://annieawards.com/wp-content/plugins/xagio/assets/js/footer_links.js?ver=1","https://annieawards.com/wp-content/themes/rundown/script/rundown-script.js?ver=6.1.1"],"externalCSS":["https://annieawards.com/wp-includes/css/dist/block-library/style.min.css?ver=6.1.1","https://annieawards.com/wp-includes/css/classic-themes.min.css?ver=1","https://annieawards.com/wp-content/plugins/xagio/assets/fonts/all.css?ver=6.1.1","https://annieawards.com/wp-content/plugins/xagio/assets/css/review-widget.css?ver=6.1.1","https://annieawards.com/wp-content/plugins/xagio/assets/css/review-display.css?ver=6.1.1","https://annieawards.com/wp-content/themes/rundown/style.css?ver=6.1.1"],"images":[{"alt":"aside","src":"https://annieawards.com/wp-content/themes/rundown/images/aside.png"},{"alt":"private investigator working on a case","src":"http://annieawards.com/wp-content/uploads/2022/07/private-investigator-200x300.jpg"},{"alt":"two private investigators working on a case","src":"http://annieawards.com/wp-content/uploads/2022/07/pexels-cottonbro-8369195-300x200.jpg"},{"alt":"aside","src":"https://annieawards.com/wp-content/themes/rundown/images/aside.png"},{"alt":"aside","src":"https://annieawards.com/wp-content/themes/rundown/images/aside.png"},{"alt":"USI Tech","src":"http://annieawards.com/wp-content/uploads/2017/09/USI-Tech.jpg"},{"alt":"aside","src":"https://annieawards.com/wp-content/themes/rundown/images/aside.png"},{"alt":"custom stuffed animals","src":"http://annieawards.com/wp-content/uploads/2017/03/custom-stuffed-animals.jpg"},{"alt":"aside","src":"https://annieawards.com/wp-content/themes/rundown/images/aside.png"},{"alt":"aside","src":"https://annieawards.com/wp-content/themes/rundown/images/aside.png"},{"alt":"junk disposal","src":"http://annieawards.com/wp-content/uploads/2015/03/junk-disposal.jpg"},{"alt":"aside","src":"https://annieawards.com/wp-content/themes/rundown/images/aside.png"},{"alt":"dog","src":"http://annieawards.com/wp-content/uploads/2015/03/dog.png"},{"alt":"highest quality","src":"http://annieawards.com/wp-content/uploads/2015/03/highest-quality.png"},{"alt":"aside","src":"https://annieawards.com/wp-content/themes/rundown/images/aside.png"},{"alt":"compare","src":"http://annieawards.com/wp-content/uploads/2015/01/compare-300x156.jpg"},{"alt":"tempered glass screen protector","src":"http://annieawards.com/wp-content/uploads/2015/01/tempered-glass-screen-protector-300x300.jpg"},{"alt":"aside","src":"https://annieawards.com/wp-content/themes/rundown/images/aside.png"},{"alt":"book to leave behind","src":"http://annieawards.com/wp-content/uploads/2015/01/book-to-leave-behind.png"}],"date":1681540632007,"filename":"annieawards.com","alinks":[{"href":"https://annieawards.com","textContent":"AnnieAwards.com"},{"href":"https://annieawards.com/for/music/","textContent":"Music"},{"href":"https://annieawards.com/for/movies/","textContent":"Movies"},{"href":"https://annieawards.com/for/television/","textContent":"Television"},{"href":"https://annieawards.com/for/games/","textContent":"Games"},{"href":"https://annieawards.com/for/technology/","textContent":"Technology"},{"href":"https://annieawards.com/for/web/","textContent":"Web"},{"href":"https://annieawards.com/for/innovation/","textContent":"Innovation"},{"href":"https://annieawards.com/for/green/","textContent":"Green"},{"href":"https://annieawards.com/for/humanity/","textContent":"Humanity"},{"href":"https://annieawards.com/for/humor/","textContent":"Humor"},{"href":"https://annieawards.com/what-you-should-know-before-hiring-a-private-investigator/","textContent":"What You Should Know before Hiring a Private Investigator"},{"href":"https://annieawards.com/what-you-should-know-before-hiring-a-private-investigator/","textContent":"July 14, 2022"},{"href":"https://annieawards.com/author/blogadmin/","textContent":"Gladys Meyer"},{"href":"https://annieawards.com/what-you-should-know-before-hiring-a-private-investigator/","textContent":""},{"href":"https://privateinvestigatoredmonton.ca/","textContent":"Private Investigator Edmonton"},{"href":"https://annieawards.com/for/business/","textContent":"Business"},{"href":"https://annieawards.com/5-unique-dental-offices-across-the-us/","textContent":"5 Unique Dental Offices Across The US"},{"href":"https://annieawards.com/5-unique-dental-offices-across-the-us/","textContent":"August 28, 2021"},{"href":"https://annieawards.com/author/blogadmin/","textContent":"Gladys Meyer"},{"href":"https://annieawards.com/5-unique-dental-offices-across-the-us/","textContent":""},{"href":"https://247dental.org/","textContent":"emergency dentists directory"},{"href":"https://www.tinyteethwichita.com/","textContent":"Tiny Teeth Pediatric Dentistry"},{"href":"https://atlantadentalspa.com/","textContent":"The Atlanta Dental Spa"},{"href":"https://www.kidzaam.com/","textContent":"Kidzaam Dentistry"},{"href":"https://www.smilekingdom.com/","textContent":"Smile Kingdom Dental"},{"href":"https://www.hilgersorthodontics.com/","textContent":"Hilgers Orthodontics"},{"href":"https://annieawards.com/for/business/","textContent":"Business"},{"href":"https://annieawards.com/for/uncategorized/","textContent":"Uncategorized"},{"href":"https://annieawards.com/an-animated-illustration-for-investment-opportunity/","textContent":"An Animated Illustration for Investment Opportunity"},{"href":"https://annieawards.com/an-animated-illustration-for-investment-opportunity/","textContent":"September 5, 2017"},{"href":"https://annieawards.com/author/martha/","textContent":"Martha McCarty"},{"href":"https://annieawards.com/an-animated-illustration-for-investment-opportunity/","textContent":""},{"href":"http://howtomakemoneywithbitcoin.net/usi-tech-review/","textContent":"USI Tech"},{"href":"http://annieawards.com/wp-content/uploads/2017/09/USI-Tech.jpg","textContent":""},{"href":"https://annieawards.com/for/uncategorized/","textContent":"Uncategorized"},{"href":"https://annieawards.com/tag/htmmwb/","textContent":"HTMMWB"},{"href":"https://annieawards.com/using-photos-and-videos-to-re-create-your-pet/","textContent":"Using Photos and Videos to Re-Create Your Pet"},{"href":"https://annieawards.com/using-photos-and-videos-to-re-create-your-pet/","textContent":"March 5, 2017"},{"href":"https://annieawards.com/author/martha/","textContent":"Martha McCarty"},{"href":"https://annieawards.com/using-photos-and-videos-to-re-create-your-pet/#respond","textContent":"0 comment"},{"href":"https://annieawards.com/using-photos-and-videos-to-re-create-your-pet/","textContent":""},{"href":"http://customstuffedpets.com/customized-animals-from-picture-of-your-pet/","textContent":"customstuffedpets.com"},{"href":"https://annieawards.com/for/uncategorized/","textContent":"Uncategorized"},{"href":"https://annieawards.com/tag/csp/","textContent":"CSP"},{"href":"https://annieawards.com/explaining-your-business-with-animation/","textContent":"Explaining Your Business With Animation"},{"href":"https://annieawards.com/explaining-your-business-with-animation/","textContent":"October 11, 2015"},{"href":"https://annieawards.com/author/blogadmin/","textContent":"Gladys Meyer"},{"href":"https://annieawards.com/explaining-your-business-with-animation/#respond","textContent":"0 comment"},{"href":"https://annieawards.com/explaining-your-business-with-animation/","textContent":""},{"href":"http://www.positiononemarketing.com/","textContent":"PositionOneMarketing.com"},{"href":"http://smallbusiness.chron.com/much-television-advertising-really-cost-58718.html","textContent":"commercials on TV"},{"href":"https://annieawards.com/for/business/","textContent":"Business"},{"href":"https://annieawards.com/tag/p1m/","textContent":"P1M"},{"href":"https://annieawards.com/informative-details-about-junk-company-in-alberta/","textContent":"Informative Details About Junk Company In Alberta"},{"href":"https://annieawards.com/informative-details-about-junk-company-in-alberta/","textContent":"March 30, 2015"},{"href":"https://annieawards.com/author/blogadmin/","textContent":"Gladys Meyer"},{"href":"https://annieawards.com/informative-details-about-junk-company-in-alberta/#respond","textContent":"0 comment"},{"href":"https://annieawards.com/informative-details-about-junk-company-in-alberta/","textContent":""},{"href":"http://www.junktoss.com/junk-removal-edmonton/","textContent":"best junk removal company in Edmonton"},{"href":"http://www.nrdc.org/enterprise/greeningadvisor/wm-disposal.asp","textContent":"junk removed is disposed properly"},{"href":"https://annieawards.com/for/uncategorized/","textContent":"Uncategorized"},{"href":"https://annieawards.com/tag/jt/","textContent":"JT"},{"href":"https://annieawards.com/why-you-need-a-stuffed-replica-of-your-pet/","textContent":"Why You Need A Stuffed Replica Of Your Pet"},{"href":"https://annieawards.com/why-you-need-a-stuffed-replica-of-your-pet/","textContent":"March 22, 2015"},{"href":"https://annieawards.com/author/blogadmin/","textContent":"Gladys Meyer"},{"href":"https://annieawards.com/why-you-need-a-stuffed-replica-of-your-pet/#respond","textContent":"0 comment"},{"href":"https://annieawards.com/why-you-need-a-stuffed-replica-of-your-pet/","textContent":""},{"href":"http://customstuffedpets.com/customized-animals-from-picture-of-your-pet/","textContent":"fully customized stuffed animal"},{"href":"http://dictionary.reference.com/browse/doppelganger","textContent":"doppelganger"},{"href":"https://annieawards.com/for/uncategorized/","textContent":"Uncategorized"},{"href":"https://annieawards.com/tag/csp/","textContent":"CSP"},{"href":"https://annieawards.com/glass-protectors-take-the-award-over-plastic-protectors/","textContent":"Glass Protectors Take The Award Over Plastic Protectors"},{"href":"https://annieawards.com/glass-protectors-take-the-award-over-plastic-protectors/","textContent":"January 31, 2015"},{"href":"https://annieawards.com/author/blogadmin/","textContent":"Gladys Meyer"},{"href":"https://annieawards.com/glass-protectors-take-the-award-over-plastic-protectors/#respond","textContent":"0 comment"},{"href":"https://annieawards.com/glass-protectors-take-the-award-over-plastic-protectors/","textContent":""},{"href":"http://temperedglassscreenprotector.org/premium-brands/","textContent":"tempered glass screen protector"},{"href":"http://electronics.howstuffworks.com/everyday-tech/gorilla-glass.htm","textContent":"Gorilla Glass"},{"href":"http://temperedglassscreenprotector.org/best-review/","textContent":"www.temperedglassscreenprotector.org/best-review"},{"href":"https://annieawards.com/for/innovation/","textContent":"Innovation"},{"href":"https://annieawards.com/tag/tgsp/","textContent":"TGSP"},{"href":"https://annieawards.com/leave-behind-something-beautiful/","textContent":"Leave Behind Something Beautiful"},{"href":"https://annieawards.com/leave-behind-something-beautiful/","textContent":"January 20, 2015"},{"href":"https://annieawards.com/author/blogadmin/","textContent":"Gladys Meyer"},{"href":"https://annieawards.com/leave-behind-something-beautiful/#respond","textContent":"0 comment"},{"href":"https://annieawards.com/leave-behind-something-beautiful/","textContent":""},{"href":"http://scrapbookingwithus.com/how-to-make/","textContent":"how to make a scrapbook"},{"href":"http://curatorsintl.org/intensive/what_is_curating","textContent":"curating photography archives"},{"href":"https://annieawards.com/for/art/","textContent":"Art"},{"href":"https://annieawards.com/tag/swu/","textContent":"SWU"},{"href":"https://annieawards.com/wp-login.php","textContent":"Log in"},{"href":"https://annieawards.com/feed/","textContent":"Entries feed"},{"href":"https://annieawards.com/comments/feed/","textContent":"Comments feed"},{"href":"https://wordpress.org/","textContent":"WordPress.org"},{"href":"https://annieawards.com/for/music/","textContent":"Music"},{"href":"https://annieawards.com/for/movies/","textContent":"Movies"},{"href":"https://annieawards.com/for/television/","textContent":"Television"},{"href":"https://annieawards.com/for/games/","textContent":"Games"},{"href":"https://annieawards.com/for/technology/","textContent":"Technology"},{"href":"https://annieawards.com/for/web/","textContent":"Web"},{"href":"https://annieawards.com/for/innovation/","textContent":"Innovation"},{"href":"https://annieawards.com/for/green/","textContent":"Green"},{"href":"https://annieawards.com/for/humanity/","textContent":"Humanity"},{"href":"https://annieawards.com/for/humor/","textContent":"Humor"},{"href":"http://risbl.co/wp/rundown-theme/","textContent":"Rundown"},{"href":"http://www.wordpress.org","textContent":"WordPress"}],"cookies":[],"totalTimeMillis":33622,"technologies":[{"slug":"wordpress","name":"WordPress","confidence":100,"version":"6.1.1","website":"https://wordpress.org","cpe":"cpe:2.3:a:wordpress:wordpress:*:*:*:*:*:*:*:*","categories":[{"id":1,"slug":"cms","name":"CMS"},{"id":11,"slug":"blogs","name":"Blogs"}],"rootPath":true},{"slug":"mysql","name":"MySQL","confidence":100,"version":null,"website":"http://mysql.com","cpe":"cpe:2.3:a:mysql:mysql:*:*:*:*:*:*:*:*","categories":[{"id":34,"slug":"databases","name":"Databases"}]},{"slug":"php","name":"PHP","confidence":100,"version":"7.3.33","website":"http://php.net","cpe":"cpe:2.3:a:php:php:*:*:*:*:*:*:*:*","categories":[{"id":27,"slug":"programming-languages","name":"Programming languages"}],"rootPath":true},{"slug":"youtube","name":"YouTube","confidence":100,"version":null,"website":"http://www.youtube.com","cpe":null,"categories":[{"id":14,"slug":"video-players","name":"Video players"}],"rootPath":true},{"slug":"litespeed","name":"LiteSpeed","confidence":100,"version":null,"website":"http://litespeedtech.com","cpe":"cpe:2.3:a:litespeedtech:litespeed_web_server:*:*:*:*:*:*:*:*","categories":[{"id":22,"slug":"web-servers","name":"Web servers"}],"rootPath":true},{"slug":"twitter-emoji-twemoji","name":"Twitter Emoji (Twemoji)","confidence":100,"version":"14.0.2","website":"https://twitter.github.io/twemoji/","cpe":null,"categories":[{"id":17,"slug":"font-scripts","name":"Font scripts"}],"rootPath":true},{"slug":"jquery-migrate","name":"jQuery Migrate","confidence":100,"version":"3.3.2","website":"https://github.com/jquery/jquery-migrate","cpe":null,"categories":[{"id":59,"slug":"javascript-libraries","name":"JavaScript libraries"}],"rootPath":true},{"slug":"jquery","name":"jQuery","confidence":100,"version":"3.6.1","website":"https://jquery.com","cpe":"cpe:2.3:a:jquery:jquery:*:*:*:*:*:*:*:*","categories":[{"id":59,"slug":"javascript-libraries","name":"JavaScript libraries"}],"rootPath":true},{"slug":"rss","name":"RSS","confidence":100,"version":null,"website":"https://www.rssboard.org/rss-specification","cpe":null,"categories":[{"id":19,"slug":"miscellaneous","name":"Miscellaneous"}],"rootPath":true},{"slug":"http-3","name":"HTTP/3","confidence":100,"version":null,"website":"https://httpwg.org/","cpe":null,"categories":[{"id":19,"slug":"miscellaneous","name":"Miscellaneous"}],"rootPath":true}],"@context":"http://luiscarvalho.dev/contexts/","@type":"pageReport","jsCoverage":[{"url":"https://annieawards.com/","type":"js","usedBytes":1973,"totalBytes":2450,"percentUsed":"80.53%"},{"url":"https://annieawards.com/wp-includes/js/jquery/jquery.min.js?ver=3.6.1","type":"js","usedBytes":27544,"totalBytes":89684,"percentUsed":"30.71%"},{"url":"https://annieawards.com/wp-includes/js/jquery/jquery-migrate.min.js?ver=3.3.2","type":"js","usedBytes":4762,"totalBytes":11224,"percentUsed":"42.43%"},{"url":"https://annieawards.com/wp-content/plugins/xagio/assets/js/xag_user.js?ver=1","type":"js","usedBytes":317,"totalBytes":551,"percentUsed":"57.53%"},{"url":"https://annieawards.com/wp-content/plugins/xagio/assets/js/review-widget.js?ver=1","type":"js","usedBytes":691,"totalBytes":16461,"percentUsed":"4.20%"},{"url":"https://annieawards.com/wp-content/plugins/xagio/assets/js/footer_links.js?ver=1","type":"js","usedBytes":196,"totalBytes":377,"percentUsed":"51.99%"},{"url":"https://annieawards.com/wp-content/themes/rundown/script/rundown-script.js?ver=6.1.1","type":"js","usedBytes":794,"totalBytes":1203,"percentUsed":"66.00%"},{"url":"chrome-error://chromewebdata/","type":"js","usedBytes":45112,"totalBytes":148395,"percentUsed":"30.40%"},{"url":"https://annieawards.com/wp-includes/js/wp-emoji-release.min.js?ver=6.1.1","type":"js","usedBytes":14880,"totalBytes":18617,"percentUsed":"79.93%"}],"cssCoverage":[{"url":"https://annieawards.com/","type":"css","usedBytes":2975,"totalBytes":9847,"percentUsed":"30.21%"},{"url":"https://fonts.googleapis.com/css?family=Droid+Sans:400,700","type":"css","usedBytes":0,"totalBytes":754,"percentUsed":"0.00%"},{"url":"https://annieawards.com/wp-includes/css/dist/block-library/style.min.css?ver=6.1.1","type":"css","usedBytes":188,"totalBytes":94886,"percentUsed":"0.20%"},{"url":"https://annieawards.com/wp-includes/css/classic-themes.min.css?ver=1","type":"css","usedBytes":0,"totalBytes":217,"percentUsed":"0.00%"},{"url":"https://cdnjs.cloudflare.com/ajax/libs/font-awesome/4.7.0/css/font-awesome.min.css","type":"css","usedBytes":0,"totalBytes":31000,"percentUsed":"0.00%"},{"url":"https://annieawards.com/wp-content/themes/rundown/style.css?ver=6.1.1","type":"css","usedBytes":6367,"totalBytes":28980,"percentUsed":"21.97%"},{"url":"https://fonts.googleapis.com/css?family=Bitter:400,400italic,700","type":"css","usedBytes":0,"totalBytes":4714,"percentUsed":"0.00%"},{"url":"https://fonts.googleapis.com/css?family=Raleway:400,700","type":"css","usedBytes":0,"totalBytes":6216,"percentUsed":"0.00%"},{"url":"https://fonts.googleapis.com/css?family=Playball","type":"css","usedBytes":0,"totalBytes":1003,"percentUsed":"0.00%"},{"url":"https://annieawards.com/wp-content/plugins/xagio/assets/css/review-widget.css?ver=6.1.1","type":"css","usedBytes":0,"totalBytes":6997,"percentUsed":"0.00%"},{"url":"https://annieawards.com/wp-content/plugins/xagio/assets/css/review-display.css?ver=6.1.1","type":"css","usedBytes":0,"totalBytes":1696,"percentUsed":"0.00%"},{"url":"https://annieawards.com/wp-content/plugins/xagio/assets/fonts/all.css?ver=6.1.1","type":"css","usedBytes":0,"totalBytes":99510,"percentUsed":"0.00%"},{"url":"chrome-error://chromewebdata/","type":"css","usedBytes":3558,"totalBytes":39141,"percentUsed":"9.09%"}]}