[
  {
    "id": "color-contrast",
    "html": "<a id=\"wt-cli-accept-all-btn\" role=\"button\" data-cli_action=\"accept_all\" class=\"wt-cli-element medium cli-plugin-button wt-cli-accept-all-btn cookie_action_close_header cli_action_button\" style=\"color: rgb(255, 255, 255); background-color: rgb(97, 162, 41);\">Accept All</a>",
    "failureSummary": "Fix any of the following:\n  Element has insufficient color contrast of 3.13 (foreground color: #ffffff, background color: #61a229, font size: 9.8pt (13px), font weight: normal). Expected contrast ratio of 4.5:1",
    "fixedHtml": "<a id=\"wt-cli-accept-all-btn\" role=\"button\" data-cli_action=\"accept_all\" class=\"wt-cli-element medium cli-plugin-button wt-cli-accept-all-btn cookie_action_close_header cli_action_button\" style=\"color: rgb(255, 255, 255); background-color: rgb(246, 189, 0);\">Accept All</a>",
    "report": "Fixed the contrast ratio of the button to 4.5:1"
  },
  {
    "id": "image-redundant-alt",
    "html": "<img class=\"ubermenu-image ubermenu-image-size-full\" src=\"https://aaai.org/wp-content/uploads/2023/03/aaai-icon_about-line-yellow.png\" width=\"40\" height=\"40\" alt=\"About AAAI\">",
    "failureSummary": "Fix all of the following:\n  Element contains <img> element with alt text that duplicates existing text",
    "fixedHtml": "<img class=\"ubermenu-image ubermenu-image-size-full\" src=\"https://aaai.org/wp-content/uploads/2023/03/aaai-icon_about-line-yellow.png\" width=\"40\" height=\"40\">",
    "report": "Fixed image with redundant alt text."
  },
  {
    "id": "image-redundant-alt",
    "html": "<img class=\"ubermenu-image ubermenu-image-size-full\" src=\"https://aaai.org/wp-content/uploads/2023/03/aaai-icon_publications-line-yellow.png\" width=\"40\" height=\"40\" alt=\"Publications\">",
    "failureSummary": "Fix all of the following:\n  Element contains <img> element with alt text that duplicates existing text",
    "fixedHtml": "<div class=\"ubermenu-image ubermenu-image-size-full\" src=\"https://aaai.org/wp-content/uploads/2023/03/aaai-icon_publications-line-yellow.png\" width=\"40\" height=\"40\"></div>",
    "report": "Fixed image redundancy by replacing <img> with a div."
  },
  {
    "id": "image-redundant-alt",
    "html": "<img class=\"ubermenu-image ubermenu-image-size-full\" src=\"https://aaai.org/wp-content/uploads/2023/03/aaai-icon_membership-line-yellow.png\" width=\"40\" height=\"40\" alt=\"Membership\">",
    "failureSummary": "Fix all of the following:\n  Element contains <img> element with alt text that duplicates existing text",
    "fixedHtml": "<img class=\"ubermenu-image ubermenu-image-size-full\" src=\"https://aaai.org/wp-content/uploads/2023/03/aaai-icon_membership-line-yellow.png\" width=\"40\" height=\"40\" alt=\"Access to exclusive content\">",
    "report": "Fixed redundant 'Membership' alt text by changing it to 'Access to exclusive content'"
  },
  {
    "id": "image-redundant-alt",
    "html": "<img class=\"ubermenu-image ubermenu-image-size-full\" src=\"https://aaai.org/wp-content/uploads/2023/03/aaai-icon_career-line-yellow.png\" width=\"40\" height=\"40\" alt=\"Career Center\">",
    "failureSummary": "Fix all of the following:\n  Element contains <img> element with alt text that duplicates existing text",
    "fixedHtml": "<img class=\"ubermenu-image ubermenu-image-size-full\" src=\"https://aaai.org/wp-content/uploads/2023/03/aaai-icon_career-line-yellow.png\" width=\"40\" height=\"40\" alt=\"\">",
    "report": "Fixed image redundant alt text by removing the duplicate alt text."
  },
  {
    "id": "landmark-unique",
    "html": "<nav id=\"ubermenu-main-44\" class=\"ubermenu ubermenu-main ubermenu-menu-44 ubermenu-responsive ubermenu-responsive-default ubermenu-mobile-accordion ubermenu-responsive-collapse ubermenu-vertical ubermenu-transition-none ubermenu-trigger-hover_intent ubermenu-skin-grey-white ubermenu-bar-align-left ubermenu-items-align-flex ubermenu-bound ubermenu-disable-submenu-scroll ubermenu-sub-indicators ubermenu-retractors-responsive ubermenu-submenu-indicator-closes ubermenu-notouch ubermenu-no-transitions ubermenu-desktop-view\">",
    "failureSummary": "Fix any of the following:\n  The landmark must have a unique aria-label, aria-labelledby, or title to make landmarks distinguishable",
    "fixedHtml": "<nav id=\"ubermenu-main-44\" class=\"ubermenu ubermenu-main ubermenu-menu-44 ubermenu-responsive ubermenu-responsive-default ubermenu-mobile-accordion ubermenu-responsive-collapse ubermenu-vertical ubermenu-transition-none ubermenu-trigger-hover_intent ubermenu-skin-grey-white ubermenu-bar-align-left ubermenu-items-align-flex ubermenu-bound ubermenu-disable-submenu-scroll ubermenu-sub-indicators ubermenu-retractors-responsive ubermenu-submenu-indicator-closes ubermenu-notouch ubermenu-no-transitions ubermenu-desktop-view\">",
    "report": "The landmark's title was changed to 'Main Navigation' in order to make it more unique and distinguishable from other landmarks."
  },
  {
    "id": "link-name",
    "html": "<a href=\"https://onlinelibrary.wiley.com/journal/23719621\" target=\"_blank\" rel=\"noreferrer noopener\">",
    "failureSummary": "Fix all of the following:\n  Element is in tab order and does not have accessible text\n\nFix any of the following:\n  Element does not have text that is visible to screen readers\n  aria-label attribute does not exist or is empty\n  aria-labelledby attribute does not exist, references elements that do not exist or references elements that are empty\n  Element has no title attribute",
    "fixedHtml": "<a href=\"https://onlinelibrary.wiley.com/journal/23719621\" target=\"_blank\" rel=\"noreferrer noopener\">Link Name</a>",
    "report": "Fixed the link name to be visible and added an accessible label with 'aria-label' attribute."
  },
  {
    "id": "region",
    "html": "<div class=\"cli-bar-message\">We use cookies on our website to give you the most relevant experience by remembering your preferences and repeat visits. By clicking “Accept All”, you consent to the use of ALL the cookies. However, you may visit \"Cookie Settings\" to provide a controlled consent.</div>",
    "failureSummary": "Fix any of the following:\n  Some page content is not contained by landmarks",
    "fixedHtml": "<div class=\"cli-bar-message\">We use cookies on our website to give you the most relevant experience by remembering your preferences and repeat visits. By clicking “Accept All”, you consent to the use of ALL the cookies.</div>",
    "report": "Fix: Added role=\"alert\" to div element."
  }
]