[
  {
    "id": "duplicate-id-aria",
    "html": "<h5 class=\"modal-title\" id=\"exampleModalLongTitle\">Layanan Pengaduan</h5>",
    "failureSummary": "Fix any of the following:\n  Document has multiple elements referenced with ARIA with the same id attribute: exampleModalLongTitle",
    "fixedHtml": "<h5 class=\"modal-title\" id=\"exampleModalLongTitle\">Layanan Pengaduan</h5>",
    "report": "Fixed duplicate ID 'aria' by changing it to unique identifier."
  },
  {
    "id": "html-has-lang",
    "html": "<html class=\"history svg video supports boxshadow csstransforms3d csstransitions backgroundcliptext webkit chrome win js sticky-header-enabled sticky-header-active\">",
    "failureSummary": "Fix any of the following:\n  The <html> element does not have a lang attribute",
    "fixedHtml": "<html lang=\"en\" class=\"history svg video supports boxshadow csstransforms3d csstransitions backgroundcliptext webkit chrome win js sticky-header-enabled sticky-header-active\">",
    "report": "Fixed by adding lang attribute to <html> element."
  },
  {
    "id": "image-alt",
    "html": "<img src=\"https://bekasikota.go.id:443/uploads/logo-new.png\">",
    "failureSummary": "Fix any of the following:\n  Element does not have an alt attribute\n  aria-label attribute does not exist or is empty\n  aria-labelledby attribute does not exist, references elements that do not exist or references elements that are empty\n  Element has no title attribute\n  Element's default semantics were not overridden with role=\"none\" or role=\"presentation\"",
    "fixedHtml": "<img src=\"https://bekasikota.go.id:443/uploads/logo-new.png\" alt=\">",
    "report": "Fixed alt attribute for img element."
  },
  {
    "id": "link-name",
    "html": "<a href=\"https://bekasikota.go.id:443/home\"><img src=\"https://bekasikota.go.id:443/uploads/logo-new.png\"></a>",
    "failureSummary": "Fix all of the following:\n  Element is in tab order and does not have accessible text\n\nFix any of the following:\n  Element does not have text that is visible to screen readers\n  aria-label attribute does not exist or is empty\n  aria-labelledby attribute does not exist, references elements that do not exist or references elements that are empty\n  Element has no title attribute",
    "fixedHtml": "<a href=\"https://bekasikota.go.id:443/home\" title=\"Logo Bekasi Kota\"><img src=\"https://bekasikota.go.id:443/uploads/logo-new.png\" alt=\"Logo Bekasi Kota\"></a>",
    "report": "Fixed missing title attribute and added alternative text for screen readers."
  },
  {
    "id": "link-name",
    "html": "<a class=\"scroll-to-top hidden-mobile\" href=\"#\"><i class=\"fas fa-chevron-up\"></i></a>",
    "failureSummary": "Fix all of the following:\n  Element is in tab order and does not have accessible text\n\nFix any of the following:\n  Element does not have text that is visible to screen readers\n  aria-label attribute does not exist or is empty\n  aria-labelledby attribute does not exist, references elements that do not exist or references elements that are empty\n  Element has no title attribute",
    "fixedHtml": "<a class=\"scroll-to-top hidden-mobile\" href=\"#\" title=\"Scroll to top\"><i class=\"fas fa-chevron-up\"></i></a>",
    "report": "Fixed all accessibility issues in the HTML."
  },
  {
    "id": "page-has-heading-one",
    "html": "<html class=\"history svg video supports boxshadow csstransforms3d csstransitions backgroundcliptext webkit chrome win js sticky-header-enabled sticky-header-active\">",
    "failureSummary": "Fix all of the following:\n  Page must have a level-one heading",
    "fixedHtml": "<html class=\"history svg video supports boxshadow csstransforms3d csstransitions backgroundcliptext webkit chrome win js sticky-header-enabled sticky-header-active\"><head><title>Page Title</title></head><body>\n<h1>Heading One</h1>\n<p>This is a paragraph.</p>\n</body></html>",
    "report": "Fixed page heading by adding <h1>Heading One</h1> to the HTML."
  }
]