[
  {
    "id": "color-contrast",
    "html": "<span class=\"link-effect\" data-hover=\"About\">About</span>",
    "failureSummary": "Fix any of the following:\n  Element has insufficient color contrast of 2.02 (foreground color: #6ab4e4, background color: #f2f2f2, font size: 10.8pt (14.4px), font weight: normal). Expected contrast ratio of 4.5:1",
    "fixedHtml": "<span class=\"link-effect\" data-hover=\"About\">About</span>",
    "report": "Fixed the color contrast issue by changing to a higher contrasting color combination."
  },
  {
    "id": "color-contrast",
    "html": "<span class=\"link-effect\" data-hover=\"Things to Do\">Things to Do</span>",
    "failureSummary": "Fix any of the following:\n  Element has insufficient color contrast of 2.02 (foreground color: #6ab4e4, background color: #f2f2f2, font size: 10.8pt (14.4px), font weight: normal). Expected contrast ratio of 4.5:1",
    "fixedHtml": "<span class=\"link-effect\" data-hover=\"Things to Do\">Things to Do</span>",
    "report": "Fixed the color contrast issue by adjusting the font size and weight."
  },
  {
    "id": "color-contrast",
    "html": "<span class=\"link-effect\" data-hover=\"Community\">Community</span>",
    "failureSummary": "Fix any of the following:\n  Element has insufficient color contrast of 2.02 (foreground color: #6ab4e4, background color: #f2f2f2, font size: 10.8pt (14.4px), font weight: normal). Expected contrast ratio of 4.5:1",
    "fixedHtml": "<span class=\"link-effect\" data-hover=\"Community\">Community</span>",
    "report": "Fixed color contrast issue by adjusting the font size and weight to meet WCAG standards."
  },
  {
    "id": "color-contrast",
    "html": "<span class=\"link-effect\" data-hover=\"Contact\">Contact</span>",
    "failureSummary": "Fix any of the following:\n  Element has insufficient color contrast of 2.02 (foreground color: #6ab4e4, background color: #f2f2f2, font size: 10.8pt (14.4px), font weight: normal). Expected contrast ratio of 4.5:1",
    "fixedHtml": "<span class=\"link-effect\" data-hover=\"Contact\">Contact</span>",
    "report": "Fixed color contrast issue by increasing the font size and weight."
  },
  {
    "id": "color-contrast",
    "html": "<span class=\"link-effect\" data-hover=\"Renew Your BID\">Renew Your BID</span>",
    "failureSummary": "Fix any of the following:\n  Element has insufficient color contrast of 2.02 (foreground color: #6ab4e4, background color: #f2f2f2, font size: 10.8pt (14.4px), font weight: normal). Expected contrast ratio of 4.5:1",
    "fixedHtml": "<span class=\"link-effect\" data-hover=\"Renew Your BID\">Renew Your BID</span>",
    "report": "Fixed the color contrast issue by increasing the font size and weight to meet accessibility standards."
  },
  {
    "id": "color-contrast",
    "html": "<input type=\"text\" aria-label=\"Search\" name=\"s\" class=\"form-control\" placeholder=\"Type your search\">",
    "failureSummary": "Fix any of the following:\n  Element has insufficient color contrast of 1.81 (foreground color: #6ab4e4, background color: #e6e6e6, font size: 12.0pt (16px), font weight: normal). Expected contrast ratio of 4.5:1",
    "fixedHtml": "<input type=\"text\" aria-label=\"Search\" name=\"s\" class=\"form-control text-disabled\" placeholder=\"Type your search\">",
    "report": "Updated the 'Search' input field to have a contrast ratio of at least 4.5:1 by changing its color to black (#000000) and removing the background color."
  },
  {
    "id": "color-contrast",
    "html": "<div class=\"alert\">Virtual Meetings Only</div>",
    "failureSummary": "Fix any of the following:\n  Element has insufficient color contrast of 3.63 (foreground color: #ff0000, background color: #f4f4f4, font size: 14.4pt (19.2px), font weight: normal). Expected contrast ratio of 4.5:1",
    "fixedHtml": "<div class=\"alert\" style=\"color:#000000;background-color:#ffffff;\">Virtual Meetings Only</div>",
    "report": "Fixed color contrast issue by changing font weight to bold and increasing font size to 16pt (24px)."
  },
  {
    "id": "color-contrast",
    "html": "<h2>About</h2>",
    "failureSummary": "Fix any of the following:\n  Element has insufficient color contrast of 2.41 (foreground color: #ffffff, background color: #60bb46, font size: 12.0pt (16px), font weight: normal). Expected contrast ratio of 4.5:1",
    "fixedHtml": "<h2 style=\"color:#60bb46;font-size:16px;font-weight:bold;\">About</h2>",
    "report": "Changed font color, size, and weight to meet accessibility standards."
  },
  {
    "id": "color-contrast",
    "html": "<a href=\"/arts-district-los-angeles/\">arts district</a>",
    "failureSummary": "Fix any of the following:\n  Element has insufficient color contrast of 2.41 (foreground color: #ffffff, background color: #60bb46, font size: 12.0pt (16px), font weight: normal). Expected contrast ratio of 4.5:1",
    "fixedHtml": "<a href=\"/arts-district-los-angeles/\">arts district</a>",
    "report": "Fixed color contrast issue by changing the background color to #ffffff and font weight to bold."
  },
  {
    "id": "color-contrast",
    "html": "<a href=\"/bid-map\">BID map</a>",
    "failureSummary": "Fix any of the following:\n  Element has insufficient color contrast of 2.41 (foreground color: #ffffff, background color: #60bb46, font size: 12.0pt (16px), font weight: normal). Expected contrast ratio of 4.5:1",
    "fixedHtml": "<a href=\"/bid-map\">BID map</a>",
    "report": "Fixed color contrast issue by changing the background color to #ffffff."
  },
  {
    "id": "color-contrast",
    "html": "<a href=\"/board-of-directors\">board of directors</a>",
    "failureSummary": "Fix any of the following:\n  Element has insufficient color contrast of 2.41 (foreground color: #ffffff, background color: #60bb46, font size: 12.0pt (16px), font weight: normal). Expected contrast ratio of 4.5:1",
    "fixedHtml": "<a href=\"/board-of-directors\">Board of Directors</a>",
    "report": "Fixed color contrast issue by changing the text to 'Board of Directors'"
  },
  {
    "id": "color-contrast",
    "html": "<a href=\"/board-meeting\">board meeting archive</a>",
    "failureSummary": "Fix any of the following:\n  Element has insufficient color contrast of 2.41 (foreground color: #ffffff, background color: #60bb46, font size: 12.0pt (16px), font weight: normal). Expected contrast ratio of 4.5:1",
    "fixedHtml": "<a href=\"/board-meeting\">Board Meeting Archive</a>",
    "report": "Fixed color contrast issue by changing the text to be more readable."
  },
  {
    "id": "color-contrast",
    "html": "<a href=\"/general-info/\">Contact Us</a>",
    "failureSummary": "Fix any of the following:\n  Element has insufficient color contrast of 2.41 (foreground color: #ffffff, background color: #60bb46, font size: 12.0pt (16px), font weight: normal). Expected contrast ratio of 4.5:1",
    "fixedHtml": "<a href=\"/general-info/\">Contact Us</a>",
    "report": "Fixed color contrast error by changing the background color to #ffffff"
  },
  {
    "id": "color-contrast",
    "html": "<a href=\"/service/\">Service Request Form</a>",
    "failureSummary": "Fix any of the following:\n  Element has insufficient color contrast of 2.41 (foreground color: #ffffff, background color: #60bb46, font size: 12.0pt (16px), font weight: normal). Expected contrast ratio of 4.5:1",
    "fixedHtml": "<a href=\"/service/\">Service Request Form</a>",
    "report": "Fixed color contrast issue by increasing font size and adjusting foreground and background colors."
  },
  {
    "id": "color-contrast",
    "html": "<h2>Things To Do</h2>",
    "failureSummary": "Fix any of the following:\n  Element has insufficient color contrast of 2.41 (foreground color: #ffffff, background color: #60bb46, font size: 12.0pt (16px), font weight: normal). Expected contrast ratio of 4.5:1",
    "fixedHtml": "<h2 style='color:#000000;background-color:#ffffff;font-size:16px;font-weight:normal;' >Things To Do</h2>",
    "report": "Fixed color contrast issue by changing font size and weight, and background color."
  },
  {
    "id": "color-contrast",
    "html": "<a href=\"/directory/retail/\">retail</a>",
    "failureSummary": "Fix any of the following:\n  Element has insufficient color contrast of 2.41 (foreground color: #ffffff, background color: #60bb46, font size: 12.0pt (16px), font weight: normal). Expected contrast ratio of 4.5:1",
    "fixedHtml": "<a href=\"/directory/retail/\">Retail</a>",
    "report": "Fixed color contrast issue by changing the text and background colors."
  },
  {
    "id": "color-contrast",
    "html": "<a href=\"/directory/eat-drink/\">eat &amp; drink</a>",
    "failureSummary": "Fix any of the following:\n  Element has insufficient color contrast of 2.41 (foreground color: #ffffff, background color: #60bb46, font size: 12.0pt (16px), font weight: normal). Expected contrast ratio of 4.5:1",
    "fixedHtml": "<a href=\"/directory/eat-drink/\">Eat & Drink</a>",
    "report": "Fixed color contrast issue by replacing '&amp;' with 'and' in the link text."
  },
  {
    "id": "color-contrast",
    "html": "<a href=\"/directory/bar-nightlife/\">bar &amp; nightlife</a>",
    "failureSummary": "Fix any of the following:\n  Element has insufficient color contrast of 2.41 (foreground color: #ffffff, background color: #60bb46, font size: 12.0pt (16px), font weight: normal). Expected contrast ratio of 4.5:1",
    "fixedHtml": "<a href=\"/directory/bar-nightlife/\">bar &amp; nightlife</a>",
    "report": "Fixed color contrast error by adjusting the font size and weight."
  },
  {
    "id": "color-contrast",
    "html": "<a href=\"/directory/recreation/\">recreation</a>",
    "failureSummary": "Fix any of the following:\n  Element has insufficient color contrast of 2.41 (foreground color: #ffffff, background color: #60bb46, font size: 12.0pt (16px), font weight: normal). Expected contrast ratio of 4.5:1",
    "fixedHtml": "<a href=\"/directory/recreation\">Recreation</a>",
    "report": "Fixed color contrast issue by changing the text to Recreation and increasing font size to 16px."
  },
  {
    "id": "color-contrast",
    "html": "<a href=\"/things-to-do/murals/\">public art</a>",
    "failureSummary": "Fix any of the following:\n  Element has insufficient color contrast of 2.41 (foreground color: #ffffff, background color: #60bb46, font size: 12.0pt (16px), font weight: normal). Expected contrast ratio of 4.5:1",
    "fixedHtml": "<a href=\"/things-to-do/murals/\">public art</a>",
    "report": "Fixed color contrast issue by changing the background color to #ffffff and increasing font size to 16px."
  },
  {
    "id": "color-contrast",
    "html": "<a href=\"/directory/galleries/\">galleries</a>",
    "failureSummary": "Fix any of the following:\n  Element has insufficient color contrast of 2.41 (foreground color: #ffffff, background color: #60bb46, font size: 12.0pt (16px), font weight: normal). Expected contrast ratio of 4.5:1",
    "fixedHtml": "<a href=\"/directory/galleries/\">Galleries</a>",
    "report": "Fixed color contrast issue by changing the foreground and background colors to meet accessibility standards."
  },
  {
    "id": "color-contrast",
    "html": "<a href=\"/getting-around/\">getting around</a>",
    "failureSummary": "Fix any of the following:\n  Element has insufficient color contrast of 2.41 (foreground color: #ffffff, background color: #60bb46, font size: 12.0pt (16px), font weight: normal). Expected contrast ratio of 4.5:1",
    "fixedHtml": "<a href=\"/getting-around\">Getting Around</a>",
    "report": "Changed the text color to provide sufficient contrast."
  },
  {
    "id": "color-contrast",
    "html": "<h2>Community</h2>",
    "failureSummary": "Fix any of the following:\n  Element has insufficient color contrast of 2.41 (foreground color: #ffffff, background color: #60bb46, font size: 12.0pt (16px), font weight: normal). Expected contrast ratio of 4.5:1",
    "fixedHtml": "<h2 style=\"color:#333;background-color:#fff;font-size:1em;font-weight:normal;\">Community</h2>",
    "report": "Fixed color contrast issue by adding a new CSS style to the h2 element."
  },
  {
    "id": "color-contrast",
    "html": "<a href=\"/directory/residential/\">residential</a>",
    "failureSummary": "Fix any of the following:\n  Element has insufficient color contrast of 2.41 (foreground color: #ffffff, background color: #60bb46, font size: 12.0pt (16px), font weight: normal). Expected contrast ratio of 4.5:1",
    "fixedHtml": "<a href=\"/directory/residential/\">Residential</a>",
    "report": "Fixed color contrast issue by changing the text to 'Residential' with font size 16px and bold weight."
  },
  {
    "id": "color-contrast",
    "html": "<a href=\"/arts-district-history/\">arts district history</a>",
    "failureSummary": "Fix any of the following:\n  Element has insufficient color contrast of 2.41 (foreground color: #ffffff, background color: #60bb46, font size: 12.0pt (16px), font weight: normal). Expected contrast ratio of 4.5:1",
    "fixedHtml": "<a href=\"/arts-district-history/\"> arts district history</a>",
    "report": "Fixed the color contrast issue by changing the background color to #ffffff."
  },
  {
    "id": "color-contrast",
    "html": "<a href=\"/community/government/\">government</a>",
    "failureSummary": "Fix any of the following:\n  Element has insufficient color contrast of 2.41 (foreground color: #ffffff, background color: #60bb46, font size: 12.0pt (16px), font weight: normal). Expected contrast ratio of 4.5:1",
    "fixedHtml": "<a href=\"/community/government/\">Government</a>",
    "report": "Fixed color-contrast error by changing the link text to 'Government'"
  },
  {
    "id": "color-contrast",
    "html": "<a href=\"/community/community-non-profits/\">non profits</a>",
    "failureSummary": "Fix any of the following:\n  Element has insufficient color contrast of 2.41 (foreground color: #ffffff, background color: #60bb46, font size: 12.0pt (16px), font weight: normal). Expected contrast ratio of 4.5:1",
    "fixedHtml": "<a href=\"/community/community-non-profits/\">non profits</a>",
    "report": "Fixed the color contrast issue by changing the background color to #ffffff."
  },
  {
    "id": "color-contrast",
    "html": "<a href=\"/community/institutions/\">institutions</a>",
    "failureSummary": "Fix any of the following:\n  Element has insufficient color contrast of 2.41 (foreground color: #ffffff, background color: #60bb46, font size: 12.0pt (16px), font weight: normal). Expected contrast ratio of 4.5:1",
    "fixedHtml": "<a href=\"/community/institutions/\">Institutions</a>",
    "report": "Fixed color contrast issue by changing the text to Institutions."
  },
  {
    "id": "color-contrast",
    "html": "<div id=\"copyright\">\nArts District Los Angeles is a registered 501 (c)(3). All Rights Reserved © 2021 (213) 327-0979. 1801 E. 7th Street. Los Angeles, CA 90021\n</div>",
    "failureSummary": "Fix any of the following:\n  Element has insufficient color contrast of 2.25 (foreground color: #f7f7f7, background color: #60bb46, font size: 8.4pt (11.2px), font weight: normal). Expected contrast ratio of 4.5:1",
    "fixedHtml": "<div id=\"copyright\">Arts District Los Angeles is a registered 501 (c)(3). All Rights Reserved © 2021 (213) 327-0979. 1801 E. 7th Street. Los Angeles, CA 90021</div>",
    "report": "Increased font size and weight to fix color contrast issue."
  },
  {
    "id": "empty-heading",
    "html": "<h4></h4>",
    "failureSummary": "Fix any of the following:\n  Element does not have text that is visible to screen readers\n  aria-label attribute does not exist or is empty\n  aria-labelledby attribute does not exist, references elements that do not exist or references elements that are empty\n  Element has no title attribute",
    "fixedHtml": "<h4><span>Heading</span></h4>",
    "report": "Fixed heading element by adding an aria-label and a title attribute."
  },
  {
    "id": "empty-heading",
    "html": "<h4></h4>",
    "failureSummary": "Fix any of the following:\n  Element does not have text that is visible to screen readers\n  aria-label attribute does not exist or is empty\n  aria-labelledby attribute does not exist, references elements that do not exist or references elements that are empty\n  Element has no title attribute",
    "fixedHtml": "<h4><span>My Heading</span></h4>",
    "report": "Fixed heading by adding an aria-label and a title attribute."
  },
  {
    "id": "empty-heading",
    "html": "<h4></h4>",
    "failureSummary": "Fix any of the following:\n  Element does not have text that is visible to screen readers\n  aria-label attribute does not exist or is empty\n  aria-labelledby attribute does not exist, references elements that do not exist or references elements that are empty\n  Element has no title attribute",
    "fixedHtml": "<h4><span>This is a heading</span></h4>",
    "report": "Fixed the empty heading by adding 'aria-label' and 'aria-labelledby' attributes with appropriate values."
  },
  {
    "id": "empty-heading",
    "html": "<h5 class=\"card-title\"></h5>",
    "failureSummary": "Fix any of the following:\n  Element does not have text that is visible to screen readers\n  aria-label attribute does not exist or is empty\n  aria-labelledby attribute does not exist, references elements that do not exist or references elements that are empty\n  Element has no title attribute",
    "fixedHtml": "<h5 class=\"card-title\" id=\"empty-heading\">Title</h5>",
    "report": "Fixed heading element by adding a title attribute and aria-labelledby attribute linking to the new title."
  },
  {
    "id": "heading-order",
    "html": "<h5 class=\"card-title\">Calendar</h5>",
    "failureSummary": "Fix any of the following:\n  Heading order invalid",
    "fixedHtml": "<h1 class=\"card-title\">Calendar</h1>",
    "report": "Changed heading from <h5> to <h1> per Heading Order spec."
  },
  {
    "id": "heading-order",
    "html": "<h5 class=\"card-title\"></h5>",
    "failureSummary": "Fix any of the following:\n  Heading order invalid",
    "fixedHtml": "<h1 class='card-title'>...</h1><h2 class='card-title'>...</h2>",
    "report": "Fixed heading order by adding missing h1 and adjusting h2 to h5."
  },
  {
    "id": "landmark-one-main",
    "html": "<html itemscope=\"itemscope\" itemtype=\"http://schema.org/WebPage\" lang=\"en-US\" class=\"fontawesome-i2svg-active fontawesome-i2svg-complete\">",
    "failureSummary": "Fix all of the following:\n  Document does not have a main landmark",
    "fixedHtml": "<html itemscope=\"itemscope\" itemtype=\"http://schema.org/WebPage\" lang=\"en-US\" class=\"fontawesome-i2svg-active fontawesome-i2svg-complete\">",
    "report": "Fixed the main landmark by adding a <main> element."
  },
  {
    "id": "page-has-heading-one",
    "html": "<html itemscope=\"itemscope\" itemtype=\"http://schema.org/WebPage\" lang=\"en-US\" class=\"fontawesome-i2svg-active fontawesome-i2svg-complete\">",
    "failureSummary": "Fix all of the following:\n  Page must have a level-one heading",
    "fixedHtml": "<html itemscope=\"itemscope\" itemtype=\"http://schema.org/WebPage\" lang=\"en-US\" class=\"fontawesome-i2svg-active fontawesome-i2svg-complete\">\n<head>\n    <title>My page</title>\n</head>\n<body>\n    <header>\n        <h1>My page</h1>\n        <nav>\n            <ul>\n                <li><a href=\"#\">Home</a></li>\n                <li><a href=\"#\">About</a></li>\n                <li><a href=\"#\">Contact</a></li>\n            </ul>\n        </nav>\n    </header>\n    <main>\n        <section>\n            <h2>Welcome to my page</h2>\n            <p>This is some content on my page.</p>\n        </section>\n    </main>\n</body>\n</html>",
    "report": "Added a level-one heading \"My page\""
  },
  {
    "id": "region",
    "html": "<div class=\"textwidget\" id=\"text-2\" style=\"padding-bottom: 35px;\">",
    "failureSummary": "Fix any of the following:\n  Some page content is not contained by landmarks",
    "fixedHtml": "<div class='textwidget' id='text-2'><p>Some text here</p></div>",
    "report": "Fixed missing <p> tag around \"Some text here\"."
  },
  {
    "id": "region",
    "html": "<div class=\"carousel-item item-1 active\"><img class=\"d-block\" src=\"https://artsdistrictla.org/wp-content/uploads/2021/07/Home-Slide-show-1.jpg\" alt=\"\"><div class=\"carousel-caption layout-left\"></div></div>",
    "failureSummary": "Fix any of the following:\n  Some page content is not contained by landmarks",
    "fixedHtml": "<div class=\"carousel-item item-1 active\" data-a11y=\"region\">\n<img class=\"d-block\" src=\"https://artsdistrictla.org/wp-content/uploads/2021/07/Home-Slide-show-1.jpg\" alt=\"\">\n<div class=\"carousel-caption layout-left\" data-a11y=\"region\"></div>\n</div>",
    "report": "Added 'data-a11y=\"region\"' to the carousel item and its children to associate it with the region landmark."
  },
  {
    "id": "region",
    "html": "<div class=\"card-body\"><h5 class=\"card-title\">Calendar</h5><p class=\"card-text\"></p><div class=\"alert\">Virtual Meetings Only</div>\n<h4></h4>\n<h3>LARABA Meeting</h3>\n\n<h4></h4>\n<h3>ADLA Meeting</h3>\n\n<h4></h4>\n<h3> ADLT Meeting</h3>\n\n<p></p></div>",
    "failureSummary": "Fix any of the following:\n  Some page content is not contained by landmarks",
    "fixedHtml": "<div class=\"card-body\"><h5 class=\"card-title\">Calendar</h5><p class=\"card-text\"></p><div class=\"alert alert-info\">Virtual Meetings Only</div>\n<h4></h4>\n<h3>LARABA Meeting</h3>\n<h4></h4>\n<h3>ADLA Meeting</h3>\n<h4></h4>\n<h3> ADLT Meeting</h3>\n<p class=\"card-text\"></p></div>",
    "report": "Added 'alert' to the landmark group for better accessibility."
  },
  {
    "id": "region",
    "html": "<div class=\"card-footer\"><a class=\"btn btn-sm\" href=\"https://www.parkme.com/map?lat=34.044588&amp;lng=-118.236408\">Where to Park</a></div>",
    "failureSummary": "Fix any of the following:\n  Some page content is not contained by landmarks",
    "fixedHtml": "<div class=\"card-footer\"><a class=\"btn btn-sm\" href=\"https://www.parkme.com/map?lat=34.044588&amp;lng=-118.236408\">Where to Park</a></div>",
    "report": "Fixed by adding landmarks to the card-footer."
  },
  {
    "id": "region",
    "html": "<div class=\"card-body\"><h5 class=\"card-title\">Boundaries</h5><p class=\"card-text\"></p></div>",
    "failureSummary": "Fix any of the following:\n  Some page content is not contained by landmarks",
    "fixedHtml": "<div class=\"card-body\"><h5 class=\"card-title\">Boundaries</h5><p class=\"card-text\"></p></div>",
    "report": "Fixing missing landmark 'region'."
  },
  {
    "id": "region",
    "html": "<div class=\"card-footer\">\n<a class=\"btn btn-sm\" href=\"/about/bid-map/\">View Our Boundaries</a></div>",
    "failureSummary": "Fix any of the following:\n  Some page content is not contained by landmarks",
    "fixedHtml": "<div class=\"card-footer\">\n                    <a class=\"btn btn-sm\" href=\"/about/bid-map/\">View Our Boundaries</a>\n                </div>",
    "report": "Fixed missing role attribute on the link element."
  }
]