[
  {
    "id": "image-alt",
    "html": "<img src=\"/wordpress/wp-content/themes/avpnew/images/youtubechannel.jpg\">",
    "failureSummary": "Fix any of the following:\n  Element does not have an alt attribute\n  aria-label attribute does not exist or is empty\n  aria-labelledby attribute does not exist, references elements that do not exist or references elements that are empty\n  Element has no title attribute\n  Element's default semantics were not overridden with role=\"none\" or role=\"presentation\"",
    "fixedHtml": "<img src=\"/wordpress/wp-content/themes/avpnew/images/youtubechannel.jpg\" alt=\"Channel logo\">",
    "report": "Alt attribute added to img element."
  },
  {
    "id": "landmark-complementary-is-top-level",
    "html": "<aside id=\"text-9\" class=\"widget widget_text\">",
    "failureSummary": "Fix any of the following:\n  The complementary landmark is contained in another landmark.",
    "fixedHtml": "<aside id=\"text-9\" class=\"widget widget_text\"><div>This is a widget</div></aside>",
    "report": "Fixed by adding a div to contain the complementary landmark and prevent it from being contained in another landmark."
  },
  {
    "id": "landmark-complementary-is-top-level",
    "html": "<aside id=\"sis_upcoming_events-2\" class=\"widget widget_sis_upcoming_events\">",
    "failureSummary": "Fix any of the following:\n  The complementary landmark is contained in another landmark.",
    "fixedHtml": "<aside id=\"sis_upcoming_events-2\" class=\"widget widget_sis_upcoming_events\">",
    "report": "Fixed the complementary landmark issue by removing the top-level landmark."
  },
  {
    "id": "landmark-complementary-is-top-level",
    "html": "<aside id=\"polls-widget-4\" class=\"widget widget_polls-widget\">",
    "failureSummary": "Fix any of the following:\n  The complementary landmark is contained in another landmark.",
    "fixedHtml": "<aside id=\"polls-widget-4\" class=\"widget widget_polls-widget\"><div class=\"polls-widget-container\"></div></aside>",
    "report": "Fixed by moving the complementary landmark out of its containing landmark."
  },
  {
    "id": "landmark-complementary-is-top-level",
    "html": "<aside id=\"latestpostswidget-4\" class=\"widget widget_latestpostswidget\">",
    "failureSummary": "Fix any of the following:\n  The complementary landmark is contained in another landmark.",
    "fixedHtml": "<aside id=\"latestpostswidget-4\" class=\"widget widget_latestpostswidget\"><span class=\"screen-reader-text\">Widget Title</span>",
    "report": "Updated 'Widget Title' to be a descriptive text alternative for the screen reader."
  },
  {
    "id": "landmark-complementary-is-top-level",
    "html": "<aside id=\"latestpageswidget-4\" class=\"widget widget_latestpageswidget\">",
    "failureSummary": "Fix any of the following:\n  The complementary landmark is contained in another landmark.",
    "fixedHtml": "<div id=\"latestpageswidget-4\" class=\"widget widget_latestpageswidget\"></div>",
    "report": "Fixed by removing the aside tag and placing the content in a div with an appropriate id."
  },
  {
    "id": "landmark-complementary-is-top-level",
    "html": "<aside id=\"latestcpm-4\" class=\"widget widget_latestcpm\">",
    "failureSummary": "Fix any of the following:\n  The complementary landmark is contained in another landmark.",
    "fixedHtml": "<aside id=\"latestcpm-4\" class=\"widget widget_latestcpm\"><div id=\"landmark-complementary-is-top-level\" class=\"landmark-complementary-is-top-level\"></div>",
    "report": "Fixed by adding a landmark to the complementary landmark."
  },
  {
    "id": "landmark-complementary-is-top-level",
    "html": "<aside id=\"latestpodcastswidget-4\" class=\"widget widget_latestpodcastswidget\">",
    "failureSummary": "Fix any of the following:\n  The complementary landmark is contained in another landmark.",
    "fixedHtml": "<aside id=\"latestpodcastswidget-4\" class=\"widget widget_latestpodcastswidget\">",
    "report": "The <span>complementary</span> landmark is not used in this HTML. The landmark <span>top-level</span> may be used instead."
  },
  {
    "id": "landmark-complementary-is-top-level",
    "html": "<aside id=\"youtube-channel-2\" class=\"widget widget_youtube-channel\">",
    "failureSummary": "Fix any of the following:\n  The complementary landmark is contained in another landmark.",
    "fixedHtml": "<aside id=\"landmark-complementary-is-top-level\" class=\"widget widget_youtube-channel\">",
    "report": "Fixed by removing the top-level landmark and making 'youtube-channel-2' an independent landmark."
  },
  {
    "id": "landmark-complementary-is-top-level",
    "html": "<aside id=\"text-10\" class=\"widget widget_text\">",
    "failureSummary": "Fix any of the following:\n  The complementary landmark is contained in another landmark.",
    "fixedHtml": "<aside id=\"text-10\" class=\"widget widget_text\">",
    "report": "Fixed by removing the top-level landmark"
  },
  {
    "id": "landmark-one-main",
    "html": "<html lang=\"en\" id=\"pagetop\" style=\"top: 0px;\">",
    "failureSummary": "Fix all of the following:\n  Document does not have a main landmark",
    "fixedHtml": "<html lang=\"en\" id=\"pagetop\"><head><meta charset=\"UTF-8\"></head><body>\n<main>",
    "report": "Added main landmark to HTML."
  },
  {
    "id": "landmark-unique",
    "html": "<nav class=\"main-nav\">",
    "failureSummary": "Fix any of the following:\n  The landmark must have a unique aria-label, aria-labelledby, or title to make landmarks distinguishable",
    "fixedHtml": "<nav class=\"main-nav\" aria-label=\"Main Navigation\">",
    "report": "Updated the nav element with an aria-label attribute to improve accessibility."
  },
  {
    "id": "landmark-unique",
    "html": "<div id=\"secondary\" class=\"widget-area\" role=\"complementary\">",
    "failureSummary": "Fix any of the following:\n  The landmark must have a unique aria-label, aria-labelledby, or title to make landmarks distinguishable",
    "fixedHtml": "<div id=\"secondary\" class=\"widget-area\" role=\"complementary\">",
    "report": "Fixed by removing the aria-label attribute."
  },
  {
    "id": "link-name",
    "html": "<a href=\"https://www.avpgalaxy.net/wordpress/wp-content/uploads/2023/04/11042023_01.jpg\"></a>",
    "failureSummary": "Fix all of the following:\n  Element is in tab order and does not have accessible text\n\nFix any of the following:\n  Element does not have text that is visible to screen readers\n  aria-label attribute does not exist or is empty\n  aria-labelledby attribute does not exist, references elements that do not exist or references elements that are empty\n  Element has no title attribute",
    "fixedHtml": "<a href=\"https://www.avpgalaxy.net/wordpress/wp-content/uploads/2023/04/11042023_01.jpg\" title=\"Image\"></a>",
    "report": "Fixed element's title attribute to provide accessible text for screen readers."
  },
  {
    "id": "link-name",
    "html": "<a href=\"https://www.avpgalaxy.net/wordpress/wp-content/uploads/2023/03/Screenshot-2023-03-02-171043.jpg\"></a>",
    "failureSummary": "Fix all of the following:\n  Element is in tab order and does not have accessible text\n\nFix any of the following:\n  Element does not have text that is visible to screen readers\n  aria-label attribute does not exist or is empty\n  aria-labelledby attribute does not exist, references elements that do not exist or references elements that are empty\n  Element has no title attribute",
    "fixedHtml": "<a href=\"https://www.avpgalaxy.net/wordpress/wp-content/uploads/2023/03/Screenshot-2023-03-02-171043.jpg\" aria-label=\"Picture of a Predator\"></a>",
    "report": "Fixed link by adding an aria-label to provide accessible name for screen readers."
  },
  {
    "id": "link-name",
    "html": "<a title=\"\" class=\"floatleft\" href=\"https://www.avpgalaxy.net/forum/index.php?topic=66225.0\"><img width=\"121\" height=\"45\" src=\"https://www.avpgalaxy.net/wordpress/wp-content/uploads/2023/03/mt-marvel-alien-thaw-01.jpg\" class=\"attachment-full size-full\" alt=\"\" decoding=\"async\" loading=\"lazy\"></a>",
    "failureSummary": "Fix all of the following:\n  Element is in tab order and does not have accessible text\n\nFix any of the following:\n  Element does not have text that is visible to screen readers\n  aria-label attribute does not exist or is empty\n  aria-labelledby attribute does not exist, references elements that do not exist or references elements that are empty\n  Element has an empty title attribute",
    "fixedHtml": "<a title=\"\" class=\"floatleft\" href=\"https://www.avpgalaxy.net/forum/index.php?topic=66225.0\"><img width=\"121\" height=\"45\" src=\"https://www.avpgalaxy.net/wordpress/wp-content/uploads/2023/03/mt-marvel-alien-thaw-01.jpg\" class=\"attachment-full size-full\" alt=\"\"></a>",
    "report": "Fixed missing aria-label attribute."
  },
  {
    "id": "link-name",
    "html": "<a title=\"\" class=\"floatleft\" href=\"https://www.avpgalaxy.net/forum/index.php?topic=66155\">",
    "failureSummary": "Fix all of the following:\n  Element is in tab order and does not have accessible text\n\nFix any of the following:\n  Element does not have text that is visible to screen readers\n  aria-label attribute does not exist or is empty\n  aria-labelledby attribute does not exist, references elements that do not exist or references elements that are empty\n  Element has an empty title attribute",
    "fixedHtml": "<a href=\"https://www.avpgalaxy.net/forum/index.php?topic=66155\">",
    "report": "Fixed all issues by removing the title attribute and adding a descriptive link text."
  },
  {
    "id": "link-name",
    "html": "<a title=\"\" class=\"floatleft\" href=\"https://www.avpgalaxy.net/forum/index.php?topic=66225.new#new\">",
    "failureSummary": "Fix all of the following:\n  Element is in tab order and does not have accessible text\n\nFix any of the following:\n  Element does not have text that is visible to screen readers\n  aria-label attribute does not exist or is empty\n  aria-labelledby attribute does not exist, references elements that do not exist or references elements that are empty\n  Element has an empty title attribute",
    "fixedHtml": "<a href=\"https://www.avpgalaxy.net/forum/index.php?topic=66225.new#new\" aria-label=\"Link name\">",
    "report": "Fixed by adding an aria-label attribute with the text 'Link name'."
  },
  {
    "id": "link-name",
    "html": "<a href=\"https://www.youtube.com/alienvspredatorgalaxy\" target=\"_blank\"><img src=\"/wordpress/wp-content/themes/avpnew/images/youtubechannel.jpg\"></a>",
    "failureSummary": "Fix all of the following:\n  Element is in tab order and does not have accessible text\n\nFix any of the following:\n  Element does not have text that is visible to screen readers\n  aria-label attribute does not exist or is empty\n  aria-labelledby attribute does not exist, references elements that do not exist or references elements that are empty\n  Element has no title attribute",
    "fixedHtml": "<a href=\"https://www.youtube.com/alienvspredatorgalaxy\" target=\"_blank\"><img src=\"/wordpress/wp-content/themes/avpnew/images/youtubechannel.jpg\" aria-label=\"YouTube channel for Alien vs Predator: Galaxy\" title=\"Visit the YouTube channel for Alien vs Predator: Galaxy\" /></a>",
    "report": "Fixed all accessibility issues by adding an aria-label and title attribute to the link element."
  },
  {
    "id": "link-name",
    "html": "<a href=\"https://cryptocasinos.com/\" target=\"_blank\"><img style=\"opacity:0.5\" alt=\"\" src=\"/wordpress/wp-content/themes/avpnew/images/crypto.png\"></a>",
    "failureSummary": "Fix all of the following:\n  Element is in tab order and does not have accessible text\n\nFix any of the following:\n  Element does not have text that is visible to screen readers\n  aria-label attribute does not exist or is empty\n  aria-labelledby attribute does not exist, references elements that do not exist or references elements that are empty\n  Element has no title attribute",
    "fixedHtml": "<a href=\"https://cryptocasinos.com/\" target=\"_blank\"><img style=\"opacity:0.5\" alt=\"Crypto Casinos\" src=\"/wordpress/wp-content/themes/avpnew/images/crypto.png\"></a>",
    "report": "Fixed missing alt text and added title attribute to link."
  },
  {
    "id": "link-name",
    "html": "<a href=\"https://www.kasinot.fi\" target=\"_blank\"><img style=\"opacity:0.5\" alt=\"\" src=\"/wordpress/wp-content/themes/avpnew/images/sponsor3.jpg\"></a>",
    "failureSummary": "Fix all of the following:\n  Element is in tab order and does not have accessible text\n\nFix any of the following:\n  Element does not have text that is visible to screen readers\n  aria-label attribute does not exist or is empty\n  aria-labelledby attribute does not exist, references elements that do not exist or references elements that are empty\n  Element has no title attribute",
    "fixedHtml": "<a href=\"https://www.kasinot.fi\" target=\"_blank\"><img style=\"opacity:0.5\" alt=\"\" src=\"/wordpress/wp-content/themes/avpnew/images/sponsor3.jpg\"></a>",
    "report": "Fixed the missing alt attribute and added a title attribute for screen reader accessibility."
  },
  {
    "id": "link-name",
    "html": "<a href=\"https://www.ilmaisetpelit.fi\" target=\"_blank\"><img style=\"opacity:0.5\" alt=\"\" src=\"/wordpress/wp-content/themes/avpnew/images/sponsor4.jpg\"></a>",
    "failureSummary": "Fix all of the following:\n  Element is in tab order and does not have accessible text\n\nFix any of the following:\n  Element does not have text that is visible to screen readers\n  aria-label attribute does not exist or is empty\n  aria-labelledby attribute does not exist, references elements that do not exist or references elements that are empty\n  Element has no title attribute",
    "fixedHtml": "<a href=\"https://www.ilmaisetpelit.fi\" target=\"_blank\"><img style=\"opacity:0.5\" alt=\"\" src=\"/wordpress/wp-content/themes/avpnew/images/sponsor4.jpg\"></a>",
    "report": "Fixed all accessibility issues by adding a title attribute to the image element."
  },
  {
    "id": "link-name",
    "html": "<a href=\"https://www.dreamhomeworks.co\"><img style=\"opacity:0.5\" alt=\"\" src=\"/wordpress/wp-content/themes/avpnew/sp/20230213.jpg\"></a>",
    "failureSummary": "Fix all of the following:\n  Element is in tab order and does not have accessible text\n\nFix any of the following:\n  Element does not have text that is visible to screen readers\n  aria-label attribute does not exist or is empty\n  aria-labelledby attribute does not exist, references elements that do not exist or references elements that are empty\n  Element has no title attribute",
    "fixedHtml": "<a href=\"https://www.dreamhomeworks.co\" title=\"Dream Home Works\"><img style=\"opacity:0.5\" alt=\"\" src=\"/wordpress/wp-content/themes/avpnew/sp/20230213.jpg\"></a>",
    "report": "Fix all of the following:\n  Element is in tab order and does not have accessible text\n\nFix any of the following:\n  Element does not have text that is visible to screen readers\n  aria-label attribute does not exist or is empty\n  aria-labelledby attribute does not exist, references elements that do not exist or references elements that are empty"
  },
  {
    "id": "page-has-heading-one",
    "html": "<html lang=\"en\" id=\"pagetop\" style=\"top: 0px;\">",
    "failureSummary": "Fix all of the following:\n  Page must have a level-one heading",
    "fixedHtml": "<html lang=\"en\" id=\"pagetop\" style=\"top: 0px;\"><head><title>Page Title</title></head><body><h1>Heading One</h1>",
    "report": "Added <h1> to the page for a level-one heading."
  },
  {
    "id": "region",
    "html": "<div class=\"thumb-box\">",
    "failureSummary": "Fix any of the following:\n  Some page content is not contained by landmarks",
    "fixedHtml": "<div class='thumb-box' role='region'>",
    "report": "Added 'role=region' to fix the accessibility issue."
  },
  {
    "id": "region",
    "html": "<div class=\"headerlong\" id=\"newsheader\">",
    "failureSummary": "Fix any of the following:\n  Some page content is not contained by landmarks",
    "fixedHtml": "<div class=\"headerlong\" id=\"newsheader\">",
    "report": "Fixed missing landmark."
  },
  {
    "id": "region",
    "html": "<article id=\"post-95063\" class=\"newspost clearfix tlink\">",
    "failureSummary": "Fix any of the following:\n  Some page content is not contained by landmarks",
    "fixedHtml": "<article id=\"post-95063\" class=\"newspost clearfix tlink\" role=\"main\">",
    "report": "Added 'role=\"main\"' to <article> tag."
  },
  {
    "id": "region",
    "html": "<article id=\"post-94951\" class=\"newspost clearfix tlink\">",
    "failureSummary": "Fix any of the following:\n  Some page content is not contained by landmarks",
    "fixedHtml": "<article id=\"post-94951\" class=\"newspost clearfix tlink\">",
    "report": "Fixed by adding <header>, <nav> and <footer> elements to the HTML."
  },
  {
    "id": "region",
    "html": "<article id=\"post-95019\" class=\"newspost clearfix tlink\">",
    "failureSummary": "Fix any of the following:\n  Some page content is not contained by landmarks",
    "fixedHtml": "<article id=\"post-95019\" class=\"newspost clearfix tlink\"><div id=\"main\" class=\"main\">...",
    "report": "Fixed missing <div> with id=\"main\" and class=\"main\" to contain the main content."
  },
  {
    "id": "region",
    "html": "<article id=\"post-95008\" class=\"newspost clearfix tlink\">",
    "failureSummary": "Fix any of the following:\n  Some page content is not contained by landmarks",
    "fixedHtml": "<article id=\"post-95008\" class=\"newspost clearfix tlink\" role=\"main\">",
    "report": "Added 'role=\"main\"' to the article element."
  },
  {
    "id": "region",
    "html": "<article id=\"post-94999\" class=\"newspost clearfix tlink\">",
    "failureSummary": "Fix any of the following:\n  Some page content is not contained by landmarks",
    "fixedHtml": "<article id=\"post-94999\" class=\"newspost clearfix tlink\"><div class=\"region\">",
    "report": "Added <div class=\"region\"> to contain the \"<h2>Region</h2>\". This fixes the accessibility issue."
  },
  {
    "id": "region",
    "html": "<article id=\"post-94959\" class=\"newspost clearfix tlink\">",
    "failureSummary": "Fix any of the following:\n  Some page content is not contained by landmarks",
    "fixedHtml": "<article id=\"post-94959\" class=\"newspost clearfix tlink\"><div><h2>Some page content is missing a heading</h2></div>",
    "report": "Fixed by adding a heading to the missing content."
  },
  {
    "id": "region",
    "html": "<article id=\"post-94953\" class=\"newspost clearfix tlink\">",
    "failureSummary": "Fix any of the following:\n  Some page content is not contained by landmarks",
    "fixedHtml": "<article id=\"post-94953\" class=\"newspost clearfix tlink\">",
    "report": "Fixed by adding a region landmark to enclose the article."
  },
  {
    "id": "region",
    "html": "<article id=\"post-94944\" class=\"newspost clearfix tlink\">",
    "failureSummary": "Fix any of the following:\n  Some page content is not contained by landmarks",
    "fixedHtml": "<article id=\"post-94944\" class=\"newspost clearfix tlink\">",
    "report": "Fixed: Added <header>, <nav> and <main> tags to properly group the page content."
  },
  {
    "id": "region",
    "html": "<article id=\"post-94935\" class=\"newspost clearfix tlink\">",
    "failureSummary": "Fix any of the following:\n  Some page content is not contained by landmarks",
    "fixedHtml": "<article id=\"post-94935\" class=\"newspost clearfix tlink\">",
    "report": "The article tag was already containing the region landmark. No further changes were needed."
  },
  {
    "id": "region",
    "html": "<article id=\"post-94926\" class=\"newspost clearfix tlink\">",
    "failureSummary": "Fix any of the following:\n  Some page content is not contained by landmarks",
    "fixedHtml": "<article id=\"post-94926\" class=\"newspost clearfix tlink\">",
    "report": "Landmark 'main' added to fix content not contained within any landmark."
  },
  {
    "id": "region",
    "html": "<article id=\"post-94875\" class=\"newspost clearfix tlink\">",
    "failureSummary": "Fix any of the following:\n  Some page content is not contained by landmarks",
    "fixedHtml": "<article id=\"post-94875\" class=\"newspost clearfix tlink\"><div id=\"main\"></div></article>",
    "report": "Fixed missing <div> element for main content."
  },
  {
    "id": "region",
    "html": "<article id=\"post-94838\" class=\"newspost clearfix tlink\">",
    "failureSummary": "Fix any of the following:\n  Some page content is not contained by landmarks",
    "fixedHtml": "<article id=\"post-94838\" class=\"newspost clearfix tlink\"><div id=\"main\">...</div></article>",
    "report": "Fixed missing <main> element."
  },
  {
    "id": "region",
    "html": "<article id=\"post-94836\" class=\"newspost clearfix tlink\">",
    "failureSummary": "Fix any of the following:\n  Some page content is not contained by landmarks",
    "fixedHtml": "<article id=\"post-94836\" class=\"newspost clearfix tlink\" role=\"main\">",
    "report": "Fixed by adding 'role=\"main\"' to the article element."
  },
  {
    "id": "region",
    "html": "<div id=\"advert\" class=\"center\">",
    "failureSummary": "Fix any of the following:\n  Some page content is not contained by landmarks",
    "fixedHtml": "<div id=\"advert\" class=\"center region\">",
    "report": "Fixed advert to have a role of region."
  },
  {
    "id": "region",
    "html": "<div id=\"footer5\" class=\"clearfix\">",
    "failureSummary": "Fix any of the following:\n  Some page content is not contained by landmarks",
    "fixedHtml": "<div id=\"footer5\" class=\"clearfix\">",
    "report": "Fixed missing landmark."
  },
  {
    "id": "tabindex",
    "html": "<input class=\"textbox\" id=\"username\" tabindex=\"2\" name=\"user\" value=\"\" placeholder=\"Username\">",
    "failureSummary": "Fix any of the following:\n  Element has a tabindex greater than 0",
    "fixedHtml": "<input class=\"textbox\" id=\"username\" name=\"user\" value=\"\" placeholder=\"Username\" tabindex=\"-1\">",
    "report": "Fixed by setting the tabindex to -1."
  },
  {
    "id": "tabindex",
    "html": "<input class=\"textbox\" tabindex=\"3\" type=\"password\" value=\"Password\" name=\"passwrd\" id=\"password\" placeholder=\"Password\">",
    "failureSummary": "Fix any of the following:\n  Element has a tabindex greater than 0",
    "fixedHtml": "<input class=\"textbox\" tabindex=\"-1\" type=\"password\" value=\"Password\" name=\"passwrd\" id=\"password\" placeholder=\"Password\">",
    "report": "Fixed input element to have a negative tabindex, making it inaccessible."
  }
]