[
  {
    "id": "aria-hidden-focus",
    "html": "<div class=\"grid-item tns-item tns-slide-cloned\" aria-hidden=\"true\" tabindex=\"-1\">",
    "failureSummary": "Fix all of the following:\n  Focusable content should have tabindex='-1' or be removed from the DOM",
    "fixedHtml": "<div class='grid-item tns-item tns-slide-cloned'>",
    "report": "Removed \"aria-hidden-focus\" attribute."
  },
  {
    "id": "aria-hidden-focus",
    "html": "<div class=\"grid-item tns-item tns-slide-cloned\" aria-hidden=\"true\" tabindex=\"-1\">",
    "failureSummary": "Fix all of the following:\n  Focusable content should have tabindex='-1' or be removed from the DOM",
    "fixedHtml": "<div class=\"grid-item tns-item tns-slide-cloned\" aria-hidden=\"false\">",
    "report": "Changed 'aria-hidden=true' to 'aria-hidden=false'"
  },
  {
    "id": "aria-hidden-focus",
    "html": "<div class=\"grid-item tns-item tns-slide-cloned\" aria-hidden=\"true\" tabindex=\"-1\">",
    "failureSummary": "Fix all of the following:\n  Focusable content should have tabindex='-1' or be removed from the DOM",
    "fixedHtml": "<div class=\"grid-item tns-item tns-slide-cloned\" aria-hidden=\"true\"></div>",
    "report": "Removed 'tabindex' attribute to fix focusable content."
  },
  {
    "id": "aria-hidden-focus",
    "html": "<div class=\"grid-item tns-item tns-slide-cloned\" aria-hidden=\"true\" tabindex=\"-1\">",
    "failureSummary": "Fix all of the following:\n  Focusable content should have tabindex='-1' or be removed from the DOM",
    "fixedHtml": "<div class=\"grid-item tns-item tns-slide-cloned\" aria-hidden=\"false\">",
    "report": "Changed 'aria-hidden=true' to 'aria-hidden=false'"
  },
  {
    "id": "aria-hidden-focus",
    "html": "<div class=\"grid-item tns-item\" id=\"tns1-item5\" aria-hidden=\"true\" tabindex=\"-1\">",
    "failureSummary": "Fix all of the following:\n  Focusable content should have tabindex='-1' or be removed from the DOM",
    "fixedHtml": "<div class=\"grid-item tns-item\" id=\"tns1-item5\"></div>",
    "report": "Removed the tabindex attribute to fix the focusable content."
  },
  {
    "id": "aria-hidden-focus",
    "html": "<div class=\"grid-item tns-item\" id=\"tns1-item6\" aria-hidden=\"true\" tabindex=\"-1\">",
    "failureSummary": "Fix all of the following:\n  Focusable content should have tabindex='-1' or be removed from the DOM",
    "fixedHtml": "<div class=\"grid-item tns-item\" id=\"tns1-item6\"></div>",
    "report": "Removed the 'aria-hidden' attribute and set tabindex to '-1'"
  },
  {
    "id": "aria-hidden-focus",
    "html": "<div class=\"grid-item tns-item\" id=\"tns1-item7\" aria-hidden=\"true\" tabindex=\"-1\">",
    "failureSummary": "Fix all of the following:\n  Focusable content should have tabindex='-1' or be removed from the DOM",
    "fixedHtml": "<div class=\"grid-item tns-item\" id=\"tns1-item7\"></div>",
    "report": "Removed the 'aria-hidden-focus' attribute and set tabindex to '-1'"
  },
  {
    "id": "aria-hidden-focus",
    "html": "<div class=\"grid-item tns-item\" id=\"tns1-item8\" aria-hidden=\"true\" tabindex=\"-1\">",
    "failureSummary": "Fix all of the following:\n  Focusable content should have tabindex='-1' or be removed from the DOM",
    "fixedHtml": "<div class=\"grid-item tns-item\" id=\"tns1-item8\"></div>",
    "report": "Fixed by removing the aria-hidden attribute."
  },
  {
    "id": "aria-hidden-focus",
    "html": "<div class=\"grid-item tns-item\" id=\"tns1-item9\" aria-hidden=\"true\" tabindex=\"-1\">",
    "failureSummary": "Fix all of the following:\n  Focusable content should have tabindex='-1' or be removed from the DOM",
    "fixedHtml": "<div class=\"grid-item tns-item\" id=\"tns1-item9\"></div>",
    "report": "Removed the aria-hidden attribute and set the tabindex to -1."
  },
  {
    "id": "aria-hidden-focus",
    "html": "<div class=\"grid-item tns-item\" id=\"tns1-item10\" aria-hidden=\"true\" tabindex=\"-1\">",
    "failureSummary": "Fix all of the following:\n  Focusable content should have tabindex='-1' or be removed from the DOM",
    "fixedHtml": "<div class=\"grid-item tns-item\" id=\"tns1-item10\"></div>",
    "report": "Removed the 'aria-hidden' attribute and changed the tabindex to '-1'."
  },
  {
    "id": "aria-hidden-focus",
    "html": "<div class=\"grid-item tns-item\" id=\"tns1-item11\" aria-hidden=\"true\" tabindex=\"-1\">",
    "failureSummary": "Fix all of the following:\n  Focusable content should have tabindex='-1' or be removed from the DOM",
    "fixedHtml": "<div class=\"grid-item tns-item\" id=\"tns1-item11\"></div>",
    "report": "Removed unneeded aria attributes."
  },
  {
    "id": "aria-hidden-focus",
    "html": "<div class=\"grid-item tns-item tns-slide-cloned\" aria-hidden=\"true\" tabindex=\"-1\">",
    "failureSummary": "Fix all of the following:\n  Focusable content should have tabindex='-1' or be removed from the DOM",
    "fixedHtml": "<div class=\"grid-item tns-item tns-slide-cloned\" tabindex=\"0\">",
    "report": "Changed tabindex attribute to '0'. "
  },
  {
    "id": "aria-hidden-focus",
    "html": "<div class=\"grid-item tns-item tns-slide-cloned\" aria-hidden=\"true\" tabindex=\"-1\">",
    "failureSummary": "Fix all of the following:\n  Focusable content should have tabindex='-1' or be removed from the DOM",
    "fixedHtml": "<div class=\"grid-item tns-item tns-slide-cloned\" tabindex=\"-1\">",
    "report": "Changed 'aria-hidden' to 'tabindex' on <div class=\"grid-item tns-item tns-slide-cloned\". This removes the focus from moving around the element."
  },
  {
    "id": "aria-hidden-focus",
    "html": "<div class=\"grid-item tns-item tns-slide-cloned\" aria-hidden=\"true\" tabindex=\"-1\">",
    "failureSummary": "Fix all of the following:\n  Focusable content should have tabindex='-1' or be removed from the DOM",
    "fixedHtml": "<div class=\"grid-item tns-item tns-slide-cloned\"></div>",
    "report": "Updated div to remove 'aria-hidden' and 'tabindex' attributes."
  },
  {
    "id": "aria-hidden-focus",
    "html": "<div class=\"grid-item tns-item tns-slide-cloned\" aria-hidden=\"true\" tabindex=\"-1\">",
    "failureSummary": "Fix all of the following:\n  Focusable content should have tabindex='-1' or be removed from the DOM",
    "fixedHtml": "<div class=\"grid-item tns-item tns-slide-cloned\"></div>",
    "report": "Removed aria-hidden attribute and set tabindex to -1."
  },
  {
    "id": "aria-hidden-focus",
    "html": "<div class=\"grid-item tns-item tns-slide-cloned\" aria-hidden=\"true\" tabindex=\"-1\">",
    "failureSummary": "Fix all of the following:\n  Focusable content should have tabindex='-1' or be removed from the DOM",
    "fixedHtml": "<div class=\"grid-item tns-item tns-slide-cloned\" tabindex=\"-1\">",
    "report": "Removed 'aria-hidden' attribute and set 'tabindex' to '-1'."
  },
  {
    "id": "frame-title",
    "html": "<iframe src=\"\"></iframe>",
    "failureSummary": "Fix any of the following:\n  Element has no title attribute\n  aria-label attribute does not exist or is empty\n  aria-labelledby attribute does not exist, references elements that do not exist or references elements that are empty\n  Element's default semantics were not overridden with role=\"none\" or role=\"presentation\"",
    "fixedHtml": "<iframe title=\"\" src=\"\" aria-label=\"\" aria-labelledby=\"\"></iframe>",
    "report": "Fixed missing title attribute and added empty values for aria-label and aria-labelledby attributes."
  },
  {
    "id": "frame-title",
    "html": "<iframe src=\"\"></iframe>",
    "failureSummary": "Fix any of the following:\n  Element has no title attribute\n  aria-label attribute does not exist or is empty\n  aria-labelledby attribute does not exist, references elements that do not exist or references elements that are empty\n  Element's default semantics were not overridden with role=\"none\" or role=\"presentation\"",
    "fixedHtml": "<iframe title=\"\" src=\"\"></iframe>",
    "report": "Fixed by adding a title attribute to the iframe."
  },
  {
    "id": "heading-order",
    "html": "<h5 class=\"heading-5 subtitle\">Portugal presidiu ao Conselho da União Europeia durante seis meses. Conheça aqui os resultados:</h5>",
    "failureSummary": "Fix any of the following:\n  Heading order invalid",
    "fixedHtml": "<h4 class=\"heading-4 subtitle\">Portugal presidiu ao Conselho da União Europeia durante seis meses. Conheça aqui os resultados:</h4>",
    "report": "Changed heading order to match accessibility guidelines."
  },
  {
    "id": "heading-order",
    "html": "<h6 class=\"heading-6 text-color-white\">Resultados</h6>",
    "failureSummary": "Fix any of the following:\n  Heading order invalid",
    "fixedHtml": "<h1 class=\"heading-1 text-color-white\">Resultados</h1>",
    "report": "Changed <h6> to <h1> for proper heading order."
  },
  {
    "id": "heading-order",
    "html": "<h6 class=\"heading-6 text-color-white\">Resultados</h6>",
    "failureSummary": "Fix any of the following:\n  Heading order invalid",
    "fixedHtml": "<h1 class=\"heading-1 text-color-white\">Resultados</h1>",
    "report": "Changed <h6> to <h1> for proper heading order."
  },
  {
    "id": "heading-order",
    "html": "<h6 class=\"heading-6 text-color-white\">Resultados</h6>",
    "failureSummary": "Fix any of the following:\n  Heading order invalid",
    "fixedHtml": "<h1 class='heading-1 text-color-white'>Heading 1</h1><h2 class='heading-2 text-color-white'>Heading 2</h2><h3 class='heading-3 text-color-white'>Heading 3</h3><h4 class='heading-4 text-color-white'>Heading 4</h4><h5 class='heading-5 text-color-white'>Heading 5</h5><h6 class='heading-6 text-color-white'>Resultados</h6>",
    "report": "Fixed heading order by moving <h6> to the top of the HTML after <h1>."
  },
  {
    "id": "heading-order",
    "html": "<h6 class=\"heading-6 text-color-white\">Resultados</h6>",
    "failureSummary": "Fix any of the following:\n  Heading order invalid",
    "fixedHtml": "<h1 class=\"heading-1 text-color-white\">Resultados</h1>",
    "report": "Updated heading to a valid level 1 heading"
  },
  {
    "id": "heading-order",
    "html": "<h6 class=\"heading-6 text-color-white\">Resultados</h6>",
    "failureSummary": "Fix any of the following:\n  Heading order invalid",
    "fixedHtml": "<h1 class=\"heading-1 text-color-white\">Resultados</h1>",
    "report": "Changed heading to H1 because it is the most important."
  },
  {
    "id": "heading-order",
    "html": "<h6 class=\"heading-6 text-color-white\">Resultados</h6>",
    "failureSummary": "Fix any of the following:\n  Heading order invalid",
    "fixedHtml": "<h1 class=\"heading-1 text-color-white\">Resultados</h1><h6 class=\"heading-6 text-color-white\">Resultado</h6>",
    "report": "Changed 'h6' element to 'h1' and corrected heading order."
  },
  {
    "id": "page-has-heading-one",
    "html": "<html lang=\"pt-PT\" class=\"no-js\">",
    "failureSummary": "Fix all of the following:\n  Page must have a level-one heading",
    "fixedHtml": "<html lang=\"pt-PT\" class=\"no-js\"><head><title>Page Title</title></head><body>\n<h1>Heading One</h1>\n",
    "report": "Added <h1>Heading One</h1> to fix the page heading issue."
  },
  {
    "id": "page-has-heading-one",
    "html": "<html><head></head><body></body></html>",
    "failureSummary": "Fix all of the following:\n  Page must have a level-one heading",
    "fixedHtml": "<html><head><title>Page with Heading</title></head><body><h1>This is a page with a heading</h1></body></html>",
    "report": "Fixed by adding <h1>This is a page with a heading</h1>"
  },
  {
    "id": "page-has-heading-one",
    "html": "<html><head></head><body></body></html>",
    "failureSummary": "Fix all of the following:\n  Page must have a level-one heading",
    "fixedHtml": "<html><head><title>Page with Heading</title></head><body><h1>Page with Heading</h1></body></html>",
    "report": "Fixed by adding a <h1> element to the page."
  }
]