{"originalUrl":"https://acid3.acidtests.org","url":"https://acid3.acidtests.org/","accessibility":{"testEngine":{"name":"axe-core","version":"4.5.1"},"testRunner":{"name":"axe"},"testEnvironment":{"userAgent":"Mozilla/5.0 (Windows NT 10.0; Win64; x64) AppleWebKit/537.36 (KHTML, like Gecko) Chrome/107.0.0.0 Safari/537.36","windowWidth":1280,"windowHeight":720,"orientationAngle":0,"orientationType":"portrait-primary"},"timestamp":"2023-04-12T19:30:02.431Z","url":"https://acid3.acidtests.org/","toolOptions":{"reporter":"v1"},"inapplicable":[{"id":"accesskeys","impact":null,"tags":["cat.keyboard","best-practice"],"nodes":[]},{"id":"area-alt","impact":null,"tags":["cat.text-alternatives","wcag2a","wcag244","wcag412","section508","section508.22.a","ACT"],"nodes":[]},{"id":"aria-allowed-attr","impact":null,"tags":["cat.aria","wcag2a","wcag412"],"nodes":[]},{"id":"aria-allowed-role","impact":null,"tags":["cat.aria","best-practice"],"nodes":[]},{"id":"aria-command-name","impact":null,"tags":["cat.aria","wcag2a","wcag412","ACT"],"nodes":[]},{"id":"aria-dialog-name","impact":null,"tags":["cat.aria","best-practice"],"nodes":[]},{"id":"aria-hidden-focus","impact":null,"tags":["cat.name-role-value","wcag2a","wcag412"],"nodes":[]},{"id":"aria-input-field-name","impact":null,"tags":["cat.aria","wcag2a","wcag412","ACT"],"nodes":[]},{"id":"aria-meter-name","impact":null,"tags":["cat.aria","wcag2a","wcag111"],"nodes":[]},{"id":"aria-progressbar-name","impact":null,"tags":["cat.aria","wcag2a","wcag111"],"nodes":[]},{"id":"aria-required-attr","impact":null,"tags":["cat.aria","wcag2a","wcag412"],"nodes":[]},{"id":"aria-required-children","impact":null,"tags":["cat.aria","wcag2a","wcag131"],"nodes":[]},{"id":"aria-required-parent","impact":null,"tags":["cat.aria","wcag2a","wcag131"],"nodes":[]},{"id":"aria-roledescription","impact":null,"tags":["cat.aria","wcag2a","wcag412"],"nodes":[]},{"id":"aria-roles","impact":null,"tags":["cat.aria","wcag2a","wcag412"],"nodes":[]},{"id":"aria-text","impact":null,"tags":["cat.aria","best-practice"],"nodes":[]},{"id":"aria-toggle-field-name","impact":null,"tags":["cat.aria","wcag2a","wcag412","ACT"],"nodes":[]},{"id":"aria-tooltip-name","impact":null,"tags":["cat.aria","wcag2a","wcag412"],"nodes":[]},{"id":"aria-treeitem-name","impact":null,"tags":["cat.aria","best-practice"],"nodes":[]},{"id":"aria-valid-attr-value","impact":null,"tags":["cat.aria","wcag2a","wcag412"],"nodes":[]},{"id":"aria-valid-attr","impact":null,"tags":["cat.aria","wcag2a","wcag412"],"nodes":[]},{"id":"autocomplete-valid","impact":null,"tags":["cat.forms","wcag21aa","wcag135","ACT"],"nodes":[]},{"id":"avoid-inline-spacing","impact":null,"tags":["cat.structure","wcag21aa","wcag1412","ACT"],"nodes":[]},{"id":"blink","impact":null,"tags":["cat.time-and-media","wcag2a","wcag222","section508","section508.22.j"],"nodes":[]},{"id":"button-name","impact":null,"tags":["cat.name-role-value","wcag2a","wcag412","section508","section508.22.a","ACT"],"nodes":[]},{"id":"definition-list","impact":null,"tags":["cat.structure","wcag2a","wcag131"],"nodes":[]},{"id":"dlitem","impact":null,"tags":["cat.structure","wcag2a","wcag131"],"nodes":[]},{"id":"duplicate-id-active","impact":null,"tags":["cat.parsing","wcag2a","wcag411"],"nodes":[]},{"id":"duplicate-id-aria","impact":null,"tags":["cat.parsing","wcag2a","wcag411"],"nodes":[]},{"id":"duplicate-id","impact":null,"tags":["cat.parsing","wcag2a","wcag411"],"nodes":[]},{"id":"empty-table-header","impact":null,"tags":["cat.name-role-value","best-practice"],"nodes":[]},{"id":"form-field-multiple-labels","impact":null,"tags":["cat.forms","wcag2a","wcag332"],"nodes":[]},{"id":"frame-focusable-content","impact":null,"tags":["cat.keyboard","wcag2a","wcag211"],"nodes":[]},{"id":"frame-tested","impact":null,"tags":["cat.structure","review-item","best-practice"],"nodes":[]},{"id":"frame-title-unique","impact":null,"tags":["cat.text-alternatives","wcag412","wcag2a"],"nodes":[]},{"id":"frame-title","impact":null,"tags":["cat.text-alternatives","wcag2a","wcag412","section508","section508.22.i"],"nodes":[]},{"id":"html-lang-valid","impact":null,"tags":["cat.language","wcag2a","wcag311","ACT"],"nodes":[]},{"id":"html-xml-lang-mismatch","impact":null,"tags":["cat.language","wcag2a","wcag311","ACT"],"nodes":[]},{"id":"image-alt","impact":null,"tags":["cat.text-alternatives","wcag2a","wcag111","section508","section508.22.a","ACT"],"nodes":[]},{"id":"image-redundant-alt","impact":null,"tags":["cat.text-alternatives","best-practice"],"nodes":[]},{"id":"input-button-name","impact":null,"tags":["cat.name-role-value","wcag2a","wcag412","section508","section508.22.a","ACT"],"nodes":[]},{"id":"input-image-alt","impact":null,"tags":["cat.text-alternatives","wcag2a","wcag111","wcag412","section508","section508.22.a","ACT"],"nodes":[]},{"id":"label-title-only","impact":null,"tags":["cat.forms","best-practice"],"nodes":[]},{"id":"label","impact":null,"tags":["cat.forms","wcag2a","wcag412","section508","section508.22.n","ACT"],"nodes":[]},{"id":"landmark-banner-is-top-level","impact":null,"tags":["cat.semantics","best-practice"],"nodes":[]},{"id":"landmark-complementary-is-top-level","impact":null,"tags":["cat.semantics","best-practice"],"nodes":[]},{"id":"landmark-contentinfo-is-top-level","impact":null,"tags":["cat.semantics","best-practice"],"nodes":[]},{"id":"landmark-main-is-top-level","impact":null,"tags":["cat.semantics","best-practice"],"nodes":[]},{"id":"landmark-no-duplicate-banner","impact":null,"tags":["cat.semantics","best-practice"],"nodes":[]},{"id":"landmark-no-duplicate-contentinfo","impact":null,"tags":["cat.semantics","best-practice"],"nodes":[]},{"id":"landmark-no-duplicate-main","impact":null,"tags":["cat.semantics","best-practice"],"nodes":[]},{"id":"landmark-unique","impact":null,"tags":["cat.semantics","best-practice"],"nodes":[]},{"id":"link-in-text-block","impact":null,"tags":["cat.color","wcag2a","wcag141"],"nodes":[]},{"id":"list","impact":null,"tags":["cat.structure","wcag2a","wcag131"],"nodes":[]},{"id":"listitem","impact":null,"tags":["cat.structure","wcag2a","wcag131"],"nodes":[]},{"id":"marquee","impact":null,"tags":["cat.parsing","wcag2a","wcag222"],"nodes":[]},{"id":"meta-refresh","impact":null,"tags":["cat.time-and-media","wcag2a","wcag221"],"nodes":[]},{"id":"meta-viewport-large","impact":null,"tags":["cat.sensory-and-visual-cues","best-practice"],"nodes":[]},{"id":"meta-viewport","impact":null,"tags":["cat.sensory-and-visual-cues","wcag2aa","wcag144","ACT"],"nodes":[]},{"id":"nested-interactive","impact":null,"tags":["cat.keyboard","wcag2a","wcag412"],"nodes":[]},{"id":"object-alt","impact":null,"tags":["cat.text-alternatives","wcag2a","wcag111","section508","section508.22.a"],"nodes":[]},{"id":"presentation-role-conflict","impact":null,"tags":["cat.aria","best-practice","ACT"],"nodes":[]},{"id":"role-img-alt","impact":null,"tags":["cat.text-alternatives","wcag2a","wcag111","section508","section508.22.a","ACT"],"nodes":[]},{"id":"scope-attr-valid","impact":null,"tags":["cat.tables","best-practice"],"nodes":[]},{"id":"scrollable-region-focusable","impact":null,"tags":["cat.keyboard","wcag2a","wcag211"],"nodes":[]},{"id":"select-name","impact":null,"tags":["cat.forms","wcag2a","wcag412","section508","section508.22.n","ACT"],"nodes":[]},{"id":"server-side-image-map","impact":null,"tags":["cat.text-alternatives","wcag2a","wcag211","section508","section508.22.f"],"nodes":[]},{"id":"skip-link","impact":null,"tags":["cat.keyboard","best-practice"],"nodes":[]},{"id":"svg-img-alt","impact":null,"tags":["cat.text-alternatives","wcag2a","wcag111","section508","section508.22.a","ACT"],"nodes":[]},{"id":"tabindex","impact":null,"tags":["cat.keyboard","best-practice"],"nodes":[]},{"id":"table-duplicate-name","impact":null,"tags":["cat.tables","best-practice"],"nodes":[]},{"id":"td-headers-attr","impact":null,"tags":["cat.tables","wcag2a","wcag131","section508","section508.22.g"],"nodes":[]},{"id":"th-has-data-cells","impact":null,"tags":["cat.tables","wcag2a","wcag131","section508","section508.22.g"],"nodes":[]},{"id":"valid-lang","impact":null,"tags":["cat.language","wcag2aa","wcag312","ACT"],"nodes":[]},{"id":"video-caption","impact":null,"tags":["cat.text-alternatives","wcag2a","wcag122","section508","section508.22.a"],"nodes":[]},{"id":"no-autoplay-audio","impact":null,"tags":["cat.time-and-media","wcag2a","wcag142","ACT"],"nodes":[]}],"passes":[{"id":"aria-hidden-body","impact":null,"tags":["cat.aria","wcag2a","wcag412"],"nodes":[{"any":[{"id":"aria-hidden-body","impact":"critical"}],"html":"<body>","target":["body"]}]},{"id":"bypass","impact":null,"tags":["cat.keyboard","wcag2a","wcag241","section508","section508.22.o"],"nodes":[{"any":[{"id":"header-present","relatedNodes":[{"html":"<h1>Site Not Found</h1>","target":["h1"]}],"impact":"serious"}],"html":"<html>","target":["html"]}]},{"id":"document-title","impact":null,"tags":["cat.text-alternatives","wcag2a","wcag242","ACT"],"nodes":[{"any":[{"id":"doc-has-title","impact":"serious"}],"html":"<html>","target":["html"]}]},{"id":"empty-heading","impact":null,"tags":["cat.name-role-value","best-practice"],"nodes":[{"any":[{"id":"has-visible-text","impact":"minor"}],"html":"<h1>Site Not Found</h1>","target":["h1"]}]},{"id":"heading-order","impact":null,"tags":["cat.semantics","best-practice"],"nodes":[{"any":[{"id":"heading-order","data":{"headingOrder":[{"ancestry":["html > body > div > h1:nth-child(1)"],"level":1}]},"impact":"moderate"}],"html":"<h1>Site Not Found</h1>","target":["h1"]}]},{"id":"link-name","impact":null,"tags":["cat.name-role-value","wcag2a","wcag412","wcag244","section508","section508.22.a","ACT"],"nodes":[{"any":[{"id":"has-visible-text","impact":"minor"}],"none":[{"id":"focusable-no-name","impact":"serious"}],"html":"<a href=\"https://help.dreamhost.com/hc/en-us/articles/215613517\" rel=\"nofollow\">Get more info</a>","target":["a:nth-child(1)"]},{"any":[{"id":"has-visible-text","impact":"minor"}],"none":[{"id":"focusable-no-name","impact":"serious"}],"html":"<a href=\"https://panel.dreamhost.com/index.cgi?tree=support.msg\" rel=\"nofollow\">contact\n\t\t\t\t\t\tsupport</a>","target":["a:nth-child(2)"]},{"any":[{"id":"has-visible-text","impact":"minor"}],"none":[{"id":"focusable-no-name","impact":"serious"}],"html":"<a href=\"https://www.dreamhost.com/\" class=\"logo\" rel=\"nofollow\">DreamHost</a>","target":[".logo"]}]},{"id":"page-has-heading-one","impact":null,"tags":["cat.semantics","best-practice"],"nodes":[{"all":[{"id":"page-has-heading-one","relatedNodes":[{"html":"<h1>Site Not Found</h1>","target":["h1"]}],"impact":"moderate"}],"html":"<html>","target":["html"]}]},{"id":"region","impact":"moderate","tags":["cat.keyboard","best-practice"],"nodes":[{"any":[{"id":"region","data":{"isIframe":false},"impact":"moderate"}],"html":"<h1>Site Not Found</h1>","target":["h1"]},{"any":[{"id":"region","data":{"isIframe":false},"impact":"moderate"}],"html":"<p>Well, this is awkward. The site you're looking for is not here.</p>","target":["p:nth-child(2)"]},{"any":[{"id":"region","data":{"isIframe":false},"impact":"moderate"}],"html":"<p><small>Is this your site? <a href=\"https://help.dreamhost.com/hc/en-us/articles/215613517\" rel=\"nofollow\">Get more info</a> or <a href=\"https://panel.dreamhost.com/index.cgi?tree=support.msg\" rel=\"nofollow\">contact\n\t\t\t\t\t\tsupport</a>.</small></p>","target":["p:nth-child(3)"]},{"any":[{"id":"region","data":{"isIframe":false},"impact":"moderate"}],"html":"<small>Is this your site? <a href=\"https://help.dreamhost.com/hc/en-us/articles/215613517\" rel=\"nofollow\">Get more info</a> or <a href=\"https://panel.dreamhost.com/index.cgi?tree=support.msg\" rel=\"nofollow\">contact\n\t\t\t\t\t\tsupport</a>.</small>","target":["small"]},{"any":[{"id":"region","data":{"isIframe":false},"impact":"moderate"}],"html":"<a href=\"https://help.dreamhost.com/hc/en-us/articles/215613517\" rel=\"nofollow\">Get more info</a>","target":["a:nth-child(1)"]},{"any":[{"id":"region","data":{"isIframe":false},"impact":"moderate"}],"html":"<a href=\"https://panel.dreamhost.com/index.cgi?tree=support.msg\" rel=\"nofollow\">contact\n\t\t\t\t\t\tsupport</a>","target":["a:nth-child(2)"]},{"any":[{"id":"region","data":{"isIframe":false},"impact":"moderate"}],"html":"<a href=\"https://www.dreamhost.com/\" class=\"logo\" rel=\"nofollow\">DreamHost</a>","target":[".logo"]}]}],"incomplete":[{"id":"color-contrast","impact":"serious","tags":["cat.color","wcag2aa","wcag143","ACT"],"nodes":[{"any":[{"id":"color-contrast","data":{"fgColor":"#000000","contrastRatio":0,"fontSize":"27.0pt (36px)","fontWeight":"bold","messageKey":"bgImage","expectedContrastRatio":"3:1"},"relatedNodes":[{"html":"<div class=\"page page-missing\">","target":["div"]}],"impact":"serious"}],"impact":"serious","html":"<h1>Site Not Found</h1>","target":["h1"],"failureSummary":"Fix any of the following:\n  Element's background color could not be determined due to a background image"},{"any":[{"id":"color-contrast","data":{"fgColor":"#000000","contrastRatio":0,"fontSize":"13.5pt (18px)","fontWeight":"normal","messageKey":"bgImage","expectedContrastRatio":"4.5:1"},"relatedNodes":[{"html":"<div class=\"page page-missing\">","target":["div"]}],"impact":"serious"}],"impact":"serious","html":"<p>Well, this is awkward. The site you're looking for is not here.</p>","target":["p:nth-child(2)"],"failureSummary":"Fix any of the following:\n  Element's background color could not be determined due to a background image"},{"any":[{"id":"color-contrast","data":{"fgColor":"#000000","contrastRatio":0,"fontSize":"11.3pt (15px)","fontWeight":"normal","messageKey":"bgImage","expectedContrastRatio":"4.5:1"},"relatedNodes":[{"html":"<div class=\"page page-missing\">","target":["div"]}],"impact":"serious"}],"impact":"serious","html":"<small>Is this your site? <a href=\"https://help.dreamhost.com/hc/en-us/articles/215613517\" rel=\"nofollow\">Get more info</a> or <a href=\"https://panel.dreamhost.com/index.cgi?tree=support.msg\" rel=\"nofollow\">contact\n\t\t\t\t\t\tsupport</a>.</small>","target":["small"],"failureSummary":"Fix any of the following:\n  Element's background color could not be determined due to a background image"},{"any":[{"id":"color-contrast","data":{"fgColor":"#3f96bd","contrastRatio":0,"fontSize":"11.3pt (15px)","fontWeight":"normal","messageKey":"bgImage","expectedContrastRatio":"4.5:1"},"relatedNodes":[{"html":"<div class=\"page page-missing\">","target":["div"]}],"impact":"serious"}],"impact":"serious","html":"<a href=\"https://help.dreamhost.com/hc/en-us/articles/215613517\" rel=\"nofollow\">Get more info</a>","target":["a:nth-child(1)"],"failureSummary":"Fix any of the following:\n  Element's background color could not be determined due to a background image"},{"any":[{"id":"color-contrast","data":{"fgColor":"#3f96bd","contrastRatio":0,"fontSize":"11.3pt (15px)","fontWeight":"normal","messageKey":"bgImage","expectedContrastRatio":"4.5:1"},"relatedNodes":[{"html":"<div class=\"page page-missing\">","target":["div"]}],"impact":"serious"}],"impact":"serious","html":"<a href=\"https://panel.dreamhost.com/index.cgi?tree=support.msg\" rel=\"nofollow\">contact\n\t\t\t\t\t\tsupport</a>","target":["a:nth-child(2)"],"failureSummary":"Fix any of the following:\n  Element's background color could not be determined due to a background image"},{"any":[{"id":"color-contrast","data":{"fgColor":"#3f96bd","contrastRatio":0,"fontSize":"13.5pt (18px)","fontWeight":"normal","messageKey":"bgImage","expectedContrastRatio":"4.5:1"},"relatedNodes":[{"html":"<a href=\"https://www.dreamhost.com/\" class=\"logo\" rel=\"nofollow\">DreamHost</a>","target":[".logo"]}],"impact":"serious"}],"impact":"serious","html":"<a href=\"https://www.dreamhost.com/\" class=\"logo\" rel=\"nofollow\">DreamHost</a>","target":[".logo"],"failureSummary":"Fix any of the following:\n  Element's background color could not be determined due to a background image"}]}],"violations":[{"id":"html-has-lang","impact":"serious","tags":["cat.language","wcag2a","wcag311","ACT"],"nodes":[{"any":[{"id":"has-lang","data":{"messageKey":"noLang"},"impact":"serious"}],"impact":"serious","html":"<html>","target":["html"],"failureSummary":"Fix any of the following:\n  The <html> element does not have a lang attribute"}]},{"id":"landmark-one-main","impact":"moderate","tags":["cat.semantics","best-practice"],"nodes":[{"all":[{"id":"page-has-main","impact":"moderate"}],"impact":"moderate","html":"<html>","target":["html"],"failureSummary":"Fix all of the following:\n  Document does not have a main landmark"}]},{"id":"region","impact":"moderate","tags":["cat.keyboard","best-practice"],"nodes":[{"any":[{"id":"region","data":{"isIframe":false},"impact":"moderate"}],"impact":"moderate","html":"<div class=\"page page-missing\">","target":["div"],"failureSummary":"Fix any of the following:\n  Some page content is not contained by landmarks"}]}],"PassesCount":8,"IncompleteCount":1,"ViolationsCount":3,"InapplicableCount":76},"externalJavascript":[],"externalCSS":["//d1a6zytsvzb7ig.cloudfront.net/newpanel/css/singlepage.css"],"images":[],"date":1681327802255,"filename":"acid3.acidtests.org","alinks":[{"href":"https://help.dreamhost.com/hc/en-us/articles/215613517","textContent":"Get more info"},{"href":"https://panel.dreamhost.com/index.cgi?tree=support.msg","textContent":"contact\t\t\t\t\t\tsupport"},{"href":"https://www.dreamhost.com/","textContent":"DreamHost"}],"cookies":[],"totalTimeMillis":4324,"technologies":[{"slug":"apache","name":"Apache","confidence":100,"version":null,"website":"http://apache.org","cpe":"cpe:2.3:a:apache:http_server:*:*:*:*:*:*:*:*","categories":[{"id":22,"slug":"web-servers","name":"Web servers"}],"rootPath":true}],"@context":"http://luiscarvalho.dev/contexts/","@type":"pageReport","jsCoverage":[],"cssCoverage":[{"url":"https://d1a6zytsvzb7ig.cloudfront.net/newpanel/css/singlepage.css","type":"css","usedBytes":596,"totalBytes":15405,"percentUsed":"3.87%"}]}