[
  {
    "id": "html-has-lang",
    "html": "<html>",
    "failureSummary": "Fix any of the following:\n  The <html> element does not have a lang attribute",
    "fixedHtml": "<html lang=\"en\">",
    "report": "Fixed by adding lang=\"en\" to the <html> element."
  },
  {
    "id": "landmark-one-main",
    "html": "<html>",
    "failureSummary": "Fix all of the following:\n  Document does not have a main landmark",
    "fixedHtml": "<html><body><h1>Hello World!</h1></body></html>",
    "report": "Fixed missing <html> tag, added <body>, and added <h1>."
  },
  {
    "id": "region",
    "html": "<div class=\"page page-missing\">",
    "failureSummary": "Fix any of the following:\n  Some page content is not contained by landmarks",
    "fixedHtml": "<div class=\"page page-missing\" id=\"region\">",
    "report": "Added missing <div> element with \"id=\"region\"\" to contain the region landmark."
  }
]